,Unnamed: 0,Station Names,YEAR,Month,Max Temp,Min Temp,Rainfall,Relative Humidity,Wind Speed,Cloud Coverage,Bright Sunshine,Station Number,X_COR,Y_COR,LATITUDE,LONGITUDE,ALT,Period
0,0,Barisal,1949,1,29.4,12.3,0.0,68.0,0.4537037037037036,0.6,7.831914893617017,41950,536809.8,510151.9,22.7,90.36,4,1949.01
65,65,Barisal,1949,2,33.9,15.2,9.0,63.0,0.6592592592592591,0.9,8.314893617021276,41950,536809.8,510151.9,22.7,90.36,4,1949.02
130,130,Barisal,1949,3,36.7,20.2,8.0,59.0,1.0851851851851853,1.5,8.131914893617022,41950,536809.8,510151.9,22.7,90.36,4,1949.03
195,195,Barisal,1949,4,33.9,23.9,140.0,71.0,1.7722222222222228,3.9,8.219148936170217,41950,536809.8,510151.9,22.7,90.36,4,1949.04
260,260,Barisal,1949,5,35.6,25.0,217.0,76.0,1.7037037037037035,4.1,7.0468085106382965,41950,536809.8,510151.9,22.7,90.36,4,1949.05
325,325,Barisal,1949,6,34.4,25.7,512.0,80.0,1.6314814814814815,5.6,4.072340425531915,41950,536809.8,510151.9,22.7,90.36,4,1949.06
390,390,Barisal,1949,7,33.4,25.8,575.0,85.0,1.5703703703703698,5.4,3.7382978723404254,41950,536809.8,510151.9,22.7,90.36,4,1949.07
455,455,Barisal,1949,8,33.5,25.7,349.0,86.0,1.3296296296296295,5.6,4.272340425531916,41950,536809.8,510151.9,22.7,90.36,4,1949.08
520,520,Barisal,1949,9,34.8,25.7,252.0,83.0,0.9370370370370368,4.8,4.823404255319146,41950,536809.8,510151.9,22.7,90.36,4,1949.09
585,585,Barisal,1949,10,34.0,24.7,128.0,78.0,0.4907407407407409,3.1,7.0,41950,536809.8,510151.9,22.7,90.36,4,1949.1
650,650,Barisal,1949,11,31.5,17.4,41.0,68.0,0.31296296296296283,0.9,7.851063829787233,41950,536809.8,510151.9,22.7,90.36,4,1949.11
715,715,Barisal,1949,12,29.7,12.5,0.0,66.0,0.33703703703703697,0.3,7.725531914893615,41950,536809.8,510151.9,22.7,90.36,4,1949.12
1,1,Barisal,1950,1,30.0,14.1,0.0,77.0,0.4537037037037036,0.8,7.831914893617017,41950,536809.8,510151.9,22.7,90.36,4,1950.01
66,66,Barisal,1950,2,31.7,16.6,90.0,76.0,0.6592592592592591,1.7,8.314893617021276,41950,536809.8,510151.9,22.7,90.36,4,1950.02
131,131,Barisal,1950,3,36.1,20.5,13.0,70.0,1.0851851851851853,2.9,8.131914893617022,41950,536809.8,510151.9,22.7,90.36,4,1950.03
196,196,Barisal,1950,4,37.2,24.2,66.0,75.0,1.7722222222222228,3.3,8.219148936170217,41950,536809.8,510151.9,22.7,90.36,4,1950.04
261,261,Barisal,1950,5,36.1,25.5,87.0,78.0,1.7037037037037035,4.8,7.0468085106382965,41950,536809.8,510151.9,22.7,90.36,4,1950.05
326,326,Barisal,1950,6,33.9,26.0,476.0,87.0,1.6314814814814815,7.2,4.072340425531915,41950,536809.8,510151.9,22.7,90.36,4,1950.06
391,391,Barisal,1950,7,32.2,25.9,546.0,89.0,1.5703703703703698,6.8,3.7382978723404254,41950,536809.8,510151.9,22.7,90.36,4,1950.07
456,456,Barisal,1950,8,32.8,25.6,337.0,90.0,1.3296296296296295,7.4,4.272340425531916,41950,536809.8,510151.9,22.7,90.36,4,1950.08
521,521,Barisal,1950,9,33.9,26.4,187.0,84.0,0.9370370370370368,6.5,4.823404255319146,41950,536809.8,510151.9,22.7,90.36,4,1950.09
586,586,Barisal,1950,10,33.3,24.5,339.0,85.0,0.4907407407407409,5.8,7.0,41950,536809.8,510151.9,22.7,90.36,4,1950.1
651,651,Barisal,1950,11,32.9,18.6,98.0,73.0,0.31296296296296283,2.9,7.851063829787233,41950,536809.8,510151.9,22.7,90.36,4,1950.11
716,716,Barisal,1950,12,30.1,14.0,0.0,68.0,0.33703703703703697,1.5,7.725531914893615,41950,536809.8,510151.9,22.7,90.36,4,1950.12
2,2,Barisal,1951,1,28.2,12.3,0.0,77.0,0.4537037037037036,0.6,7.831914893617017,41950,536809.8,510151.9,22.7,90.36,4,1951.01
67,67,Barisal,1951,2,32.3,16.0,0.0,76.0,0.6592592592592591,0.6,8.314893617021276,41950,536809.8,510151.9,22.7,90.36,4,1951.02
132,132,Barisal,1951,3,35.6,21.5,67.0,70.0,1.0851851851851853,4.0,8.131914893617022,41950,536809.8,510151.9,22.7,90.36,4,1951.03
197,197,Barisal,1951,4,36.7,24.3,137.0,75.0,1.7722222222222228,4.6,8.219148936170217,41950,536809.8,510151.9,22.7,90.36,4,1951.04
262,262,Barisal,1951,5,35.2,25.6,114.0,78.0,1.7037037037037035,3.9,7.0468085106382965,41950,536809.8,510151.9,22.7,90.36,4,1951.05
327,327,Barisal,1951,6,33.9,26.2,394.0,87.0,1.6314814814814815,6.7,4.072340425531915,41950,536809.8,510151.9,22.7,90.36,4,1951.06
392,392,Barisal,1951,7,35.0,26.0,375.0,89.0,1.5703703703703698,7.2,3.7382978723404254,41950,536809.8,510151.9,22.7,90.36,4,1951.07
457,457,Barisal,1951,8,33.3,26.4,194.0,90.0,1.3296296296296295,7.3,4.272340425531916,41950,536809.8,510151.9,22.7,90.36,4,1951.08
522,522,Barisal,1951,9,34.4,25.5,286.0,84.0,0.9370370370370368,5.5,4.823404255319146,41950,536809.8,510151.9,22.7,90.36,4,1951.09
587,587,Barisal,1951,10,33.3,25.1,301.0,85.0,0.4907407407407409,4.8,7.0,41950,536809.8,510151.9,22.7,90.36,4,1951.1
652,652,Barisal,1951,11,31.1,20.0,31.0,73.0,0.31296296296296283,2.5,7.851063829787233,41950,536809.8,510151.9,22.7,90.36,4,1951.11
717,717,Barisal,1951,12,31.7,15.7,0.0,68.0,0.33703703703703697,2.1,7.725531914893615,41950,536809.8,510151.9,22.7,90.36,4,1951.12
3,3,Barisal,1952,1,26.6,12.3,2.0,77.0,0.4537037037037036,1.0,7.831914893617017,41950,536809.8,510151.9,22.7,90.36,4,1952.01
68,68,Barisal,1952,2,30.6,15.2,8.0,75.0,0.6592592592592591,1.5,8.314893617021276,41950,536809.8,510151.9,22.7,90.36,4,1952.02
133,133,Barisal,1952,3,33.3,20.2,33.0,73.0,1.0851851851851853,2.4,8.131914893617022,41950,536809.8,510151.9,22.7,90.36,4,1952.03
198,198,Barisal,1952,4,34.0,23.9,85.0,78.0,1.7722222222222228,3.7,8.219148936170217,41950,536809.8,510151.9,22.7,90.36,4,1952.04
263,263,Barisal,1952,5,33.6,25.0,196.0,81.0,1.7037037037037035,4.7,7.0468085106382965,41950,536809.8,510151.9,22.7,90.36,4,1952.05
328,328,Barisal,1952,6,32.9,25.7,406.0,87.0,1.6314814814814815,6.2,4.072340425531915,41950,536809.8,510151.9,22.7,90.36,4,1952.06
393,393,Barisal,1952,7,31.2,25.6,414.0,88.0,1.5703703703703698,6.5,3.7382978723404254,41950,536809.8,510151.9,22.7,90.36,4,1952.07
458,458,Barisal,1952,8,31.4,25.7,349.0,88.0,1.3296296296296295,6.4,4.272340425531916,41950,536809.8,510151.9,22.7,90.36,4,1952.08
523,523,Barisal,1952,9,32.5,25.5,275.0,87.0,0.9370370370370368,5.6,4.823404255319146,41950,536809.8,510151.9,22.7,90.36,4,1952.09
588,588,Barisal,1952,10,32.0,23.8,171.0,85.0,0.4907407407407409,3.6,7.0,41950,536809.8,510151.9,22.7,90.36,4,1952.1
653,653,Barisal,1952,11,30.7,18.8,35.0,80.0,0.31296296296296283,2.0,7.851063829787233,41950,536809.8,510151.9,22.7,90.36,4,1952.11
718,718,Barisal,1952,12,27.8,13.7,4.0,63.0,0.33703703703703697,1.0,7.725531914893615,41950,536809.8,510151.9,22.7,90.36,4,1952.12
4,4,Barisal,1953,1,30.0,13.3,10.0,75.0,0.4537037037037036,1.6,7.831914893617017,41950,536809.8,510151.9,22.7,90.36,4,1953.01
69,69,Barisal,1953,2,32.8,15.5,3.0,75.0,0.6592592592592591,2.2,8.314893617021276,41950,536809.8,510151.9,22.7,90.36,4,1953.02
134,134,Barisal,1953,3,35.0,22.9,3.0,78.0,1.0851851851851853,3.1,8.131914893617022,41950,536809.8,510151.9,22.7,90.36,4,1953.03
199,199,Barisal,1953,4,36.7,25.1,46.0,76.0,1.7722222222222228,3.9,8.219148936170217,41950,536809.8,510151.9,22.7,90.36,4,1953.04
264,264,Barisal,1953,5,36.1,25.2,339.0,81.0,1.7037037037037035,5.3,7.0468085106382965,41950,536809.8,510151.9,22.7,90.36,4,1953.05
329,329,Barisal,1953,6,35.6,25.2,715.0,88.0,1.6314814814814815,7.3,4.072340425531915,41950,536809.8,510151.9,22.7,90.36,4,1953.06
394,394,Barisal,1953,7,35.0,25.5,526.0,91.0,1.5703703703703698,6.9,3.7382978723404254,41950,536809.8,510151.9,22.7,90.36,4,1953.07
459,459,Barisal,1953,8,36.7,25.7,167.0,87.0,1.3296296296296295,6.1,4.272340425531916,41950,536809.8,510151.9,22.7,90.36,4,1953.08
524,524,Barisal,1953,9,35.0,25.7,174.0,87.0,0.9370370370370368,5.6,4.823404255319146,41950,536809.8,510151.9,22.7,90.36,4,1953.09
589,589,Barisal,1953,10,33.1,24.3,45.0,80.0,0.4907407407407409,3.0,7.0,41950,536809.8,510151.9,22.7,90.36,4,1953.1
654,654,Barisal,1953,11,30.6,19.1,0.0,77.0,0.31296296296296283,1.4,7.851063829787233,41950,536809.8,510151.9,22.7,90.36,4,1953.11
719,719,Barisal,1953,12,29.4,16.1,0.0,76.0,0.33703703703703697,0.6,7.725531914893615,41950,536809.8,510151.9,22.7,90.36,4,1953.12
5,5,Barisal,1954,1,27.8,12.7,0.0,72.0,0.4537037037037036,0.5,7.831914893617017,41950,536809.8,510151.9,22.7,90.36,4,1954.01
70,70,Barisal,1954,2,33.4,17.9,3.0,73.0,0.6592592592592591,1.0,8.314893617021276,41950,536809.8,510151.9,22.7,90.36,4,1954.02
135,135,Barisal,1954,3,36.7,20.5,56.0,65.0,1.0851851851851853,1.4,8.131914893617022,41950,536809.8,510151.9,22.7,90.36,4,1954.03
200,200,Barisal,1954,4,37.1,25.6,14.0,72.0,1.7722222222222228,3.0,8.219148936170217,41950,536809.8,510151.9,22.7,90.36,4,1954.04
265,265,Barisal,1954,5,37.1,26.3,70.0,74.0,1.7037037037037035,3.8,7.0468085106382965,41950,536809.8,510151.9,22.7,90.36,4,1954.05
330,330,Barisal,1954,6,36.0,25.4,500.0,86.0,1.6314814814814815,6.4,4.072340425531915,41950,536809.8,510151.9,22.7,90.36,4,1954.06
395,395,Barisal,1954,7,33.0,25.8,260.0,85.0,1.5703703703703698,5.6,3.7382978723404254,41950,536809.8,510151.9,22.7,90.36,4,1954.07
460,460,Barisal,1954,8,33.8,26.4,360.0,87.0,1.3296296296296295,6.6,4.272340425531916,41950,536809.8,510151.9,22.7,90.36,4,1954.08
525,525,Barisal,1954,9,34.1,26.4,144.0,88.0,0.9370370370370368,5.6,4.823404255319146,41950,536809.8,510151.9,22.7,90.36,4,1954.09
590,590,Barisal,1954,10,33.2,23.7,169.0,86.0,0.4907407407407409,4.3,7.0,41950,536809.8,510151.9,22.7,90.36,4,1954.1
655,655,Barisal,1954,11,29.7,17.7,1.0,76.0,0.31296296296296283,1.0,7.851063829787233,41950,536809.8,510151.9,22.7,90.36,4,1954.11
720,720,Barisal,1954,12,29.3,15.2,6.0,78.0,0.33703703703703697,2.1,7.725531914893615,41950,536809.8,510151.9,22.7,90.36,4,1954.12
6,6,Barisal,1955,1,26.6,12.3,2.0,77.0,0.4537037037037036,1.0,7.831914893617017,41950,536809.8,510151.9,22.7,90.36,4,1955.01
71,71,Barisal,1955,2,30.5,15.2,8.0,75.0,0.6592592592592591,1.5,8.314893617021276,41950,536809.8,510151.9,22.7,90.36,4,1955.02
136,136,Barisal,1955,3,33.3,20.2,33.0,73.0,1.0851851851851853,2.4,8.131914893617022,41950,536809.8,510151.9,22.7,90.36,4,1955.03
201,201,Barisal,1955,4,34.0,23.9,85.0,78.0,1.7722222222222228,3.7,8.219148936170217,41950,536809.8,510151.9,22.7,90.36,4,1955.04
266,266,Barisal,1955,5,33.6,25.0,196.0,81.0,1.7037037037037035,4.7,7.0468085106382965,41950,536809.8,510151.9,22.7,90.36,4,1955.05
331,331,Barisal,1955,6,32.9,25.7,406.0,87.0,1.6314814814814815,6.2,4.072340425531915,41950,536809.8,510151.9,22.7,90.36,4,1955.06
396,396,Barisal,1955,7,31.2,25.6,414.0,88.0,1.5703703703703698,6.5,3.7382978723404254,41950,536809.8,510151.9,22.7,90.36,4,1955.07
461,461,Barisal,1955,8,31.4,25.7,349.0,88.0,1.3296296296296295,6.4,4.272340425531916,41950,536809.8,510151.9,22.7,90.36,4,1955.08
526,526,Barisal,1955,9,32.5,25.5,275.0,87.0,0.9370370370370368,5.6,4.823404255319146,41950,536809.8,510151.9,22.7,90.36,4,1955.09
591,591,Barisal,1955,10,32.0,23.8,171.0,85.0,0.4907407407407409,3.6,7.0,41950,536809.8,510151.9,22.7,90.36,4,1955.1
656,656,Barisal,1955,11,30.7,18.8,35.0,80.0,0.31296296296296283,2.0,7.851063829787233,41950,536809.8,510151.9,22.7,90.36,4,1955.11
721,721,Barisal,1955,12,27.8,13.7,4.0,63.0,0.33703703703703697,1.0,7.725531914893615,41950,536809.8,510151.9,22.7,90.36,4,1955.12
7,7,Barisal,1956,1,29.4,14.3,17.0,74.0,0.4537037037037036,0.4,7.831914893617017,41950,536809.8,510151.9,22.7,90.36,4,1956.01
72,72,Barisal,1956,2,32.8,14.9,0.0,69.0,0.6592592592592591,1.2,8.314893617021276,41950,536809.8,510151.9,22.7,90.36,4,1956.02
137,137,Barisal,1956,3,36.7,21.5,20.0,72.0,1.0851851851851853,1.8,8.131914893617022,41950,536809.8,510151.9,22.7,90.36,4,1956.03
202,202,Barisal,1956,4,37.2,24.3,92.0,77.0,1.7722222222222228,2.6,8.219148936170217,41950,536809.8,510151.9,22.7,90.36,4,1956.04
267,267,Barisal,1956,5,34.4,26.2,343.0,83.0,1.7037037037037035,5.6,7.0468085106382965,41950,536809.8,510151.9,22.7,90.36,4,1956.05
332,332,Barisal,1956,6,32.2,25.2,784.0,87.0,1.6314814814814815,6.3,4.072340425531915,41950,536809.8,510151.9,22.7,90.36,4,1956.06
397,397,Barisal,1956,7,33.8,25.8,319.0,86.0,1.5703703703703698,5.7,3.7382978723404254,41950,536809.8,510151.9,22.7,90.36,4,1956.07
462,462,Barisal,1956,8,33.3,26.0,497.0,87.0,1.3296296296296295,5.6,4.272340425531916,41950,536809.8,510151.9,22.7,90.36,4,1956.08
527,527,Barisal,1956,9,33.4,25.7,700.0,85.0,0.9370370370370368,4.8,4.823404255319146,41950,536809.8,510151.9,22.7,90.36,4,1956.09
592,592,Barisal,1956,10,33.8,24.5,184.0,84.0,0.4907407407407409,3.3,7.0,41950,536809.8,510151.9,22.7,90.36,4,1956.1
657,657,Barisal,1956,11,31.3,20.0,46.0,81.0,0.31296296296296283,1.3,7.851063829787233,41950,536809.8,510151.9,22.7,90.36,4,1956.11
722,722,Barisal,1956,12,29.5,14.9,0.0,79.0,0.33703703703703697,0.2,7.725531914893615,41950,536809.8,510151.9,22.7,90.36,4,1956.12
8,8,Barisal,1957,1,30.1,15.1,104.0,80.0,0.4537037037037036,1.0,7.831914893617017,41950,536809.8,510151.9,22.7,90.36,4,1957.01
73,73,Barisal,1957,2,30.6,16.3,13.0,80.0,0.6592592592592591,1.6,8.314893617021276,41950,536809.8,510151.9,22.7,90.36,4,1957.02
138,138,Barisal,1957,3,36.6,20.0,0.0,70.0,1.0851851851851853,1.8,8.131914893617022,41950,536809.8,510151.9,22.7,90.36,4,1957.03
203,203,Barisal,1957,4,37.3,24.9,1.0,85.0,1.7722222222222228,2.3,8.219148936170217,41950,536809.8,510151.9,22.7,90.36,4,1957.04
268,268,Barisal,1957,5,36.2,26.7,22.0,77.0,1.7037037037037035,4.2,7.0468085106382965,41950,536809.8,510151.9,22.7,90.36,4,1957.05
333,333,Barisal,1957,6,35.5,26.5,244.0,83.0,1.6314814814814815,5.3,4.072340425531915,41950,536809.8,510151.9,22.7,90.36,4,1957.06
398,398,Barisal,1957,7,33.3,26.0,564.0,87.0,1.5703703703703698,5.8,3.7382978723404254,41950,536809.8,510151.9,22.7,90.36,4,1957.07
463,463,Barisal,1957,8,35.5,26.3,286.0,87.0,1.3296296296296295,5.3,4.272340425531916,41950,536809.8,510151.9,22.7,90.36,4,1957.08
528,528,Barisal,1957,9,34.4,26.3,216.0,86.0,0.9370370370370368,5.3,4.823404255319146,41950,536809.8,510151.9,22.7,90.36,4,1957.09
593,593,Barisal,1957,10,33.2,24.4,52.0,80.0,0.4907407407407409,3.2,7.0,41950,536809.8,510151.9,22.7,90.36,4,1957.1
658,658,Barisal,1957,11,30.7,18.5,0.0,73.0,0.31296296296296283,0.9,7.851063829787233,41950,536809.8,510151.9,22.7,90.36,4,1957.11
723,723,Barisal,1957,12,29.4,14.8,0.0,76.0,0.33703703703703697,0.2,7.725531914893615,41950,536809.8,510151.9,22.7,90.36,4,1957.12
9,9,Barisal,1958,1,31.1,15.5,0.0,77.0,0.4537037037037036,1.7,7.831914893617017,41950,536809.8,510151.9,22.7,90.36,4,1958.01
74,74,Barisal,1958,2,30.5,16.6,12.0,75.0,0.6592592592592591,2.3,8.314893617021276,41950,536809.8,510151.9,22.7,90.36,4,1958.02
139,139,Barisal,1958,3,33.6,16.5,51.0,73.0,1.0851851851851853,2.4,8.131914893617022,41950,536809.8,510151.9,22.7,90.36,4,1958.03
204,204,Barisal,1958,4,36.6,24.5,129.0,79.0,1.7722222222222228,3.0,8.219148936170217,41950,536809.8,510151.9,22.7,90.36,4,1958.04
269,269,Barisal,1958,5,36.1,26.2,289.0,83.0,1.7037037037037035,4.0,7.0468085106382965,41950,536809.8,510151.9,22.7,90.36,4,1958.05
334,334,Barisal,1958,6,35.5,27.0,171.0,84.0,1.6314814814814815,4.9,4.072340425531915,41950,536809.8,510151.9,22.7,90.36,4,1958.06
399,399,Barisal,1958,7,33.3,26.2,414.0,90.0,1.5703703703703698,6.0,3.7382978723404254,41950,536809.8,510151.9,22.7,90.36,4,1958.07
464,464,Barisal,1958,8,33.4,26.1,268.0,88.0,1.3296296296296295,5.6,4.272340425531916,41950,536809.8,510151.9,22.7,90.36,4,1958.08
529,529,Barisal,1958,9,34.4,26.0,321.0,85.0,0.9370370370370368,5.4,4.823404255319146,41950,536809.8,510151.9,22.7,90.36,4,1958.09
594,594,Barisal,1958,10,33.8,25.5,208.0,86.0,0.4907407407407409,3.3,7.0,41950,536809.8,510151.9,22.7,90.36,4,1958.1
659,659,Barisal,1958,11,32.2,21.2,0.0,86.0,0.31296296296296283,1.7,7.851063829787233,41950,536809.8,510151.9,22.7,90.36,4,1958.11
724,724,Barisal,1958,12,28.8,16.7,0.0,78.0,0.33703703703703697,0.8,7.725531914893615,41950,536809.8,510151.9,22.7,90.36,4,1958.12
10,10,Barisal,1959,1,29.9,14.5,24.0,77.0,0.4537037037037036,1.4,7.831914893617017,41950,536809.8,510151.9,22.7,90.36,4,1959.01
75,75,Barisal,1959,2,30.5,15.6,5.0,80.0,0.6592592592592591,1.0,8.314893617021276,41950,536809.8,510151.9,22.7,90.36,4,1959.02
140,140,Barisal,1959,3,36.4,20.6,59.0,72.0,1.0851851851851853,1.5,8.131914893617022,41950,536809.8,510151.9,22.7,90.36,4,1959.03
205,205,Barisal,1959,4,37.2,24.9,59.0,74.0,1.7722222222222228,3.2,8.219148936170217,41950,536809.8,510151.9,22.7,90.36,4,1959.04
270,270,Barisal,1959,5,36.1,25.6,258.0,79.0,1.7037037037037035,4.6,7.0468085106382965,41950,536809.8,510151.9,22.7,90.36,4,1959.05
335,335,Barisal,1959,6,34.6,25.8,377.0,85.0,1.6314814814814815,5.4,4.072340425531915,41950,536809.8,510151.9,22.7,90.36,4,1959.06
400,400,Barisal,1959,7,33.8,25.8,751.0,87.0,1.5703703703703698,6.5,3.7382978723404254,41950,536809.8,510151.9,22.7,90.36,4,1959.07
465,465,Barisal,1959,8,32.7,25.8,621.0,87.0,1.3296296296296295,6.1,4.272340425531916,41950,536809.8,510151.9,22.7,90.36,4,1959.08
530,530,Barisal,1959,9,33.8,25.3,608.0,91.0,0.9370370370370368,5.7,4.823404255319146,41950,536809.8,510151.9,22.7,90.36,4,1959.09
595,595,Barisal,1959,10,32.3,24.3,475.0,87.0,0.4907407407407409,4.4,7.0,41950,536809.8,510151.9,22.7,90.36,4,1959.1
660,660,Barisal,1959,11,29.9,18.5,0.0,79.0,0.31296296296296283,0.6,7.851063829787233,41950,536809.8,510151.9,22.7,90.36,4,1959.11
725,725,Barisal,1959,12,27.2,14.8,0.0,78.0,0.33703703703703697,0.8,7.725531914893615,41950,536809.8,510151.9,22.7,90.36,4,1959.12
11,11,Barisal,1960,1,27.3,12.8,0.0,71.0,0.3,1.3,7.831914893617017,41950,536809.8,510151.9,22.7,90.36,4,1960.01
76,76,Barisal,1960,2,32.7,16.5,0.0,77.0,0.1,0.5,8.314893617021276,41950,536809.8,510151.9,22.7,90.36,4,1960.02
141,141,Barisal,1960,3,34.9,19.6,36.0,69.0,0.6,1.8,8.131914893617022,41950,536809.8,510151.9,22.7,90.36,4,1960.03
206,206,Barisal,1960,4,36.6,24.9,13.0,71.0,1.0,1.8,8.219148936170217,41950,536809.8,510151.9,22.7,90.36,4,1960.04
271,271,Barisal,1960,5,37.2,26.4,324.0,76.0,1.1,4.2,7.0468085106382965,41950,536809.8,510151.9,22.7,90.36,4,1960.05
336,336,Barisal,1960,6,34.4,26.5,433.0,84.0,0.6,5.0,4.072340425531915,41950,536809.8,510151.9,22.7,90.36,4,1960.06
401,401,Barisal,1960,7,32.8,25.5,716.0,89.0,0.4,6.0,3.7382978723404254,41950,536809.8,510151.9,22.7,90.36,4,1960.07
466,466,Barisal,1960,8,33.6,26.6,823.0,88.0,0.4,6.2,4.272340425531916,41950,536809.8,510151.9,22.7,90.36,4,1960.08
531,531,Barisal,1960,9,34.0,25.9,650.0,88.0,0.3,5.4,4.823404255319146,41950,536809.8,510151.9,22.7,90.36,4,1960.09
596,596,Barisal,1960,10,33.8,24.1,316.0,80.0,1.6,2.5,7.0,41950,536809.8,510151.9,22.7,90.36,4,1960.1
661,661,Barisal,1960,11,31.7,18.8,79.0,74.0,0.3,1.3,7.851063829787233,41950,536809.8,510151.9,22.7,90.36,4,1960.11
726,726,Barisal,1960,12,28.3,15.1,0.0,75.0,0.1,0.8,7.725531914893615,41950,536809.8,510151.9,22.7,90.36,4,1960.12
12,12,Barisal,1961,1,28.8,14.5,8.0,73.0,0.2,1.7,7.831914893617017,41950,536809.8,510151.9,22.7,90.36,4,1961.01
77,77,Barisal,1961,2,31.6,14.9,43.0,70.0,0.3,2.2,8.314893617021276,41950,536809.8,510151.9,22.7,90.36,4,1961.02
142,142,Barisal,1961,3,34.4,22.8,51.0,79.0,0.9,2.9,8.131914893617022,41950,536809.8,510151.9,22.7,90.36,4,1961.03
207,207,Barisal,1961,4,37.2,24.8,44.0,79.0,0.8,2.9,8.219148936170217,41950,536809.8,510151.9,22.7,90.36,4,1961.04
272,272,Barisal,1961,5,36.6,25.5,303.0,81.0,1.2,3.6,7.0468085106382965,41950,536809.8,510151.9,22.7,90.36,4,1961.05
337,337,Barisal,1961,6,36.1,25.7,553.0,86.0,0.5,5.9,4.072340425531915,41950,536809.8,510151.9,22.7,90.36,4,1961.06
402,402,Barisal,1961,7,34.4,26.2,244.0,83.0,0.5,5.6,3.7382978723404254,41950,536809.8,510151.9,22.7,90.36,4,1961.07
467,467,Barisal,1961,8,33.8,26.0,529.0,86.0,0.3,5.5,4.272340425531916,41950,536809.8,510151.9,22.7,90.36,4,1961.08
532,532,Barisal,1961,9,33.3,26.0,206.0,85.0,0.5,5.4,4.823404255319146,41950,536809.8,510151.9,22.7,90.36,4,1961.09
597,597,Barisal,1961,10,33.3,24.6,108.0,82.0,0.3,3.2,7.0,41950,536809.8,510151.9,22.7,90.36,4,1961.1
662,662,Barisal,1961,11,31.8,19.3,0.0,75.0,0.2,1.2,7.851063829787233,41950,536809.8,510151.9,22.7,90.36,4,1961.11
727,727,Barisal,1961,12,26.6,12.6,0.0,82.0,0.2,0.2,7.725531914893615,41950,536809.8,510151.9,22.7,90.36,4,1961.12
13,13,Barisal,1962,1,28.3,11.6,0.0,74.0,0.3,0.5,7.831914893617017,41950,536809.8,510151.9,22.7,90.36,4,1962.01
78,78,Barisal,1962,2,31.6,16.2,44.0,70.0,0.2,2.1,8.314893617021276,41950,536809.8,510151.9,22.7,90.36,4,1962.02
143,143,Barisal,1962,3,37.2,19.9,0.0,58.0,0.2,0.6,8.131914893617022,41950,536809.8,510151.9,22.7,90.36,4,1962.03
208,208,Barisal,1962,4,36.6,24.6,1.0,72.0,1.6,2.7,8.219148936170217,41950,536809.8,510151.9,22.7,90.36,4,1962.04
273,273,Barisal,1962,5,36.1,24.4,134.0,75.0,1.4,4.4,7.0468085106382965,41950,536809.8,510151.9,22.7,90.36,4,1962.05
338,338,Barisal,1962,6,34.8,25.7,325.0,84.0,1.4,6.5,4.072340425531915,41950,536809.8,510151.9,22.7,90.36,4,1962.06
403,403,Barisal,1962,7,34.4,26.6,421.0,84.0,1.2,5.7,3.7382978723404254,41950,536809.8,510151.9,22.7,90.36,4,1962.07
468,468,Barisal,1962,8,35.6,26.2,229.0,87.0,0.9,5.8,4.272340425531916,41950,536809.8,510151.9,22.7,90.36,4,1962.08
533,533,Barisal,1962,9,33.8,26.3,333.0,85.0,1.5,5.4,4.823404255319146,41950,536809.8,510151.9,22.7,90.36,4,1962.09
598,598,Barisal,1962,10,32.7,24.3,154.0,82.0,0.6,3.7,7.0,41950,536809.8,510151.9,22.7,90.36,4,1962.1
663,663,Barisal,1962,11,30.5,18.9,262.0,75.0,0.1,0.6,7.851063829787233,41950,536809.8,510151.9,22.7,90.36,4,1962.11
728,728,Barisal,1962,12,27.7,14.5,0.0,71.0,0.2,0.8,7.725531914893615,41950,536809.8,510151.9,22.7,90.36,4,1962.12
14,14,Barisal,1963,1,27.7,12.2,0.0,67.0,0.2,0.5,7.831914893617017,41950,536809.8,510151.9,22.7,90.36,4,1963.01
79,79,Barisal,1963,2,32.7,17.3,0.0,65.0,0.2,0.9,8.314893617021276,41950,536809.8,510151.9,22.7,90.36,4,1963.02
144,144,Barisal,1963,3,36.6,20.2,260.0,61.0,0.6,1.4,8.131914893617022,41950,536809.8,510151.9,22.7,90.36,4,1963.03
209,209,Barisal,1963,4,35.5,23.3,54.0,72.0,0.9,3.5,8.219148936170217,41950,536809.8,510151.9,22.7,90.36,4,1963.04
274,274,Barisal,1963,5,34.9,24.6,252.0,87.0,0.9,4.7,7.0468085106382965,41950,536809.8,510151.9,22.7,90.36,4,1963.05
339,339,Barisal,1963,6,34.9,26.2,232.0,88.0,1.1,5.7,4.072340425531915,41950,536809.8,510151.9,22.7,90.36,4,1963.06
404,404,Barisal,1963,7,32.7,26.2,372.0,87.0,0.7,5.6,3.7382978723404254,41950,536809.8,510151.9,22.7,90.36,4,1963.07
469,469,Barisal,1963,8,36.1,26.0,234.0,87.0,0.7,5.5,4.272340425531916,41950,536809.8,510151.9,22.7,90.36,4,1963.08
534,534,Barisal,1963,9,34.4,26.1,274.0,86.0,0.6,4.6,4.823404255319146,41950,536809.8,510151.9,22.7,90.36,4,1963.09
599,599,Barisal,1963,10,33.4,24.6,385.0,86.0,0.5,3.4,7.0,41950,536809.8,510151.9,22.7,90.36,4,1963.1
664,664,Barisal,1963,11,31.1,19.0,0.0,78.0,0.2,1.0,7.851063829787233,41950,536809.8,510151.9,22.7,90.36,4,1963.11
729,729,Barisal,1963,12,29.4,15.3,0.0,77.0,0.1,0.6,7.725531914893615,41950,536809.8,510151.9,22.7,90.36,4,1963.12
15,15,Barisal,1964,1,26.6,12.3,0.0,77.0,0.4,0.9,7.831914893617017,41950,536809.8,510151.9,22.7,90.36,4,1964.01
80,80,Barisal,1964,2,30.6,15.2,2.0,75.0,0.8,1.9,8.314893617021276,41950,536809.8,510151.9,22.7,90.36,4,1964.02
145,145,Barisal,1964,3,33.3,20.2,3.0,73.0,1.2,2.2,8.131914893617022,41950,536809.8,510151.9,22.7,90.36,4,1964.03
210,210,Barisal,1964,4,34.0,23.9,52.0,78.0,2.1,4.2,8.219148936170217,41950,536809.8,510151.9,22.7,90.36,4,1964.04
275,275,Barisal,1964,5,33.6,25.0,47.0,81.0,1.6,4.0,7.0468085106382965,41950,536809.8,510151.9,22.7,90.36,4,1964.05
340,340,Barisal,1964,6,32.9,25.7,225.0,87.0,2.8,6.3,4.072340425531915,41950,536809.8,510151.9,22.7,90.36,4,1964.06
405,405,Barisal,1964,7,31.2,25.6,318.0,88.0,1.9,7.2,3.7382978723404254,41950,536809.8,510151.9,22.7,90.36,4,1964.07
470,470,Barisal,1964,8,31.4,25.7,254.0,88.0,2.0,6.9,4.272340425531916,41950,536809.8,510151.9,22.7,90.36,4,1964.08
535,535,Barisal,1964,9,32.5,25.5,148.0,87.0,1.0,6.5,4.823404255319146,41950,536809.8,510151.9,22.7,90.36,4,1964.09
600,600,Barisal,1964,10,32.0,23.8,214.0,85.0,0.9,5.5,7.0,41950,536809.8,510151.9,22.7,90.36,4,1964.1
665,665,Barisal,1964,11,30.7,18.8,78.0,80.0,0.5,2.6,7.851063829787233,41950,536809.8,510151.9,22.7,90.36,4,1964.11
730,730,Barisal,1964,12,27.8,13.7,0.0,63.0,0.2,1.3,7.725531914893615,41950,536809.8,510151.9,22.7,90.36,4,1964.12
16,16,Barisal,1965,1,26.6,12.3,0.0,80.0,0.1,1.5,7.831914893617017,41950,536809.8,510151.9,22.7,90.36,4,1965.01
81,81,Barisal,1965,2,30.5,15.2,44.0,76.0,0.5,1.8,8.314893617021276,41950,536809.8,510151.9,22.7,90.36,4,1965.02
146,146,Barisal,1965,3,33.3,20.2,34.0,74.0,0.5,2.4,8.131914893617022,41950,536809.8,510151.9,22.7,90.36,4,1965.03
211,211,Barisal,1965,4,34.0,23.9,53.0,79.0,1.2,5.1,8.219148936170217,41950,536809.8,510151.9,22.7,90.36,4,1965.04
276,276,Barisal,1965,5,33.6,25.0,127.0,81.0,1.3,4.6,7.0468085106382965,41950,536809.8,510151.9,22.7,90.36,4,1965.05
341,341,Barisal,1965,6,32.9,25.7,407.0,87.0,1.8,7.1,4.072340425531915,41950,536809.8,510151.9,22.7,90.36,4,1965.06
406,406,Barisal,1965,7,31.2,25.6,185.0,89.0,2.2,7.0,3.7382978723404254,41950,536809.8,510151.9,22.7,90.36,4,1965.07
471,471,Barisal,1965,8,31.4,25.7,346.0,89.0,1.3,7.0,4.272340425531916,41950,536809.8,510151.9,22.7,90.36,4,1965.08
536,536,Barisal,1965,9,32.5,25.5,179.0,88.0,1.0,6.4,4.823404255319146,41950,536809.8,510151.9,22.7,90.36,4,1965.09
601,601,Barisal,1965,10,32.0,23.8,171.0,85.0,0.4,5.0,7.0,41950,536809.8,510151.9,22.7,90.36,4,1965.1
666,666,Barisal,1965,11,30.7,18.8,1.0,80.0,0.2,1.9,7.851063829787233,41950,536809.8,510151.9,22.7,90.36,4,1965.11
731,731,Barisal,1965,12,27.8,13.7,16.0,81.0,0.6,3.3,7.725531914893615,41950,536809.8,510151.9,22.7,90.36,4,1965.12
17,17,Barisal,1966,1,26.6,12.3,19.0,82.0,0.5,2.7,7.831914893617017,41950,536809.8,510151.9,22.7,90.36,4,1966.01
82,82,Barisal,1966,2,30.5,15.2,0.0,77.0,0.4,0.5,8.314893617021276,41950,536809.8,510151.9,22.7,90.36,4,1966.02
147,147,Barisal,1966,3,33.3,20.2,0.0,77.0,1.1,3.2,8.131914893617022,41950,536809.8,510151.9,22.7,90.36,4,1966.03
212,212,Barisal,1966,4,34.0,23.9,1.0,80.0,2.0,4.5,8.219148936170217,41950,536809.8,510151.9,22.7,90.36,4,1966.04
277,277,Barisal,1966,5,33.6,25.0,175.0,79.0,1.6,3.9,7.0468085106382965,41950,536809.8,510151.9,22.7,90.36,4,1966.05
342,342,Barisal,1966,6,32.9,25.7,416.0,88.0,1.9,5.6,4.072340425531915,41950,536809.8,510151.9,22.7,90.36,4,1966.06
407,407,Barisal,1966,7,31.2,25.6,328.0,87.0,1.5,7.2,3.7382978723404254,41950,536809.8,510151.9,22.7,90.36,4,1966.07
472,472,Barisal,1966,8,31.4,25.7,434.0,90.0,1.2,7.8,4.272340425531916,41950,536809.8,510151.9,22.7,90.36,4,1966.08
537,537,Barisal,1966,9,32.7,25.7,311.0,88.0,1.5,6.8,4.823404255319146,41950,536809.8,510151.9,22.7,90.36,4,1966.09
602,602,Barisal,1966,10,32.0,23.8,317.0,87.0,0.5,3.6,7.0,41950,536809.8,510151.9,22.7,90.36,4,1966.1
667,667,Barisal,1966,11,30.7,18.8,26.0,82.0,0.2,2.9,7.851063829787233,41950,536809.8,510151.9,22.7,90.36,4,1966.11
732,732,Barisal,1966,12,27.8,13.7,53.0,82.0,0.3,2.1,7.725531914893615,41950,536809.8,510151.9,22.7,90.36,4,1966.12
18,18,Barisal,1967,1,26.6,12.3,42.0,78.0,0.4,2.7,8.1,41950,536809.8,510151.9,22.7,90.36,4,1967.01
83,83,Barisal,1967,2,33.8,15.6,0.0,75.0,0.7,0.7,8.1,41950,536809.8,510151.9,22.7,90.36,4,1967.02
148,148,Barisal,1967,3,33.4,19.0,92.0,76.0,1.2,3.3,7.5,41950,536809.8,510151.9,22.7,90.36,4,1967.03
213,213,Barisal,1967,4,36.9,23.0,105.0,74.0,1.6,2.9,7.8,41950,536809.8,510151.9,22.7,90.36,4,1967.04
278,278,Barisal,1967,5,35.8,25.3,71.0,80.0,2.0,4.3,7.3,41950,536809.8,510151.9,22.7,90.36,4,1967.05
343,343,Barisal,1967,6,34.7,25.5,159.0,88.0,1.9,5.7,5.2,41950,536809.8,510151.9,22.7,90.36,4,1967.06
408,408,Barisal,1967,7,32.9,24.3,292.0,91.0,1.5,6.6,4.1,41950,536809.8,510151.9,22.7,90.36,4,1967.07
473,473,Barisal,1967,8,32.8,25.6,228.0,90.0,1.8,6.5,4.1,41950,536809.8,510151.9,22.7,90.36,4,1967.08
538,538,Barisal,1967,9,33.5,25.2,547.0,90.0,1.5,6.0,3.6,41950,536809.8,510151.9,22.7,90.36,4,1967.09
603,603,Barisal,1967,10,32.8,22.7,342.0,83.0,0.6,2.7,7.2,41950,536809.8,510151.9,22.7,90.36,4,1967.1
668,668,Barisal,1967,11,29.4,15.3,0.0,77.0,0.3,1.0,8.7,41950,536809.8,510151.9,22.7,90.36,4,1967.11
733,733,Barisal,1967,12,28.1,13.1,0.0,75.0,0.4,1.6,8.1,41950,536809.8,510151.9,22.7,90.36,4,1967.12
19,19,Barisal,1968,1,28.9,12.2,0.0,75.0,0.6,0.9,8.0,41950,536809.8,510151.9,22.7,90.36,4,1968.01
84,84,Barisal,1968,2,31.1,15.0,14.0,73.0,0.7,1.9,8.1,41950,536809.8,510151.9,22.7,90.36,4,1968.02
149,149,Barisal,1968,3,36.7,19.3,86.0,69.0,1.1,2.8,7.2,41950,536809.8,510151.9,22.7,90.36,4,1968.03
214,214,Barisal,1968,4,35.9,23.4,64.0,77.0,1.8,4.1,7.8,41950,536809.8,510151.9,22.7,90.36,4,1968.04
279,279,Barisal,1968,5,37.6,24.9,246.0,79.0,2.3,5.9,7.7,41950,536809.8,510151.9,22.7,90.36,4,1968.05
344,344,Barisal,1968,6,32.5,24.7,847.0,90.0,1.2,7.1,2.3,41950,536809.8,510151.9,22.7,90.36,4,1968.06
409,409,Barisal,1968,7,35.2,25.5,422.0,89.0,1.8,7.0,3.6,41950,536809.8,510151.9,22.7,90.36,4,1968.07
474,474,Barisal,1968,8,36.1,25.5,331.0,89.0,1.1,6.8,2.7,41950,536809.8,510151.9,22.7,90.36,4,1968.08
539,539,Barisal,1968,9,37.7,25.8,159.0,86.0,1.0,6.1,5.3,41950,536809.8,510151.9,22.7,90.36,4,1968.09
604,604,Barisal,1968,10,35.0,23.1,231.0,86.0,0.6,4.9,7.2,41950,536809.8,510151.9,22.7,90.36,4,1968.1
669,669,Barisal,1968,11,30.8,18.1,12.0,80.0,0.3,3.2,7.9,41950,536809.8,510151.9,22.7,90.36,4,1968.11
734,734,Barisal,1968,12,29.7,12.2,0.0,78.0,0.6,1.3,6.2,41950,536809.8,510151.9,22.7,90.36,4,1968.12
20,20,Barisal,1969,1,27.9,10.6,0.0,74.0,0.6,1.0,8.3,41950,536809.8,510151.9,22.7,90.36,4,1969.01
85,85,Barisal,1969,2,34.2,14.9,0.0,69.0,0.7,1.4,8.5,41950,536809.8,510151.9,22.7,90.36,4,1969.02
150,150,Barisal,1969,3,35.0,20.9,107.0,77.0,1.2,3.6,7.8,41950,536809.8,510151.9,22.7,90.36,4,1969.03
215,215,Barisal,1969,4,36.4,23.5,82.0,77.0,1.8,3.9,7.6,41950,536809.8,510151.9,22.7,90.36,4,1969.04
280,280,Barisal,1969,5,35.8,25.1,55.0,77.0,0.9,4.7,7.8,41950,536809.8,510151.9,22.7,90.36,4,1969.05
345,345,Barisal,1969,6,33.1,26.3,347.0,89.0,1.3,7.1,2.9,41950,536809.8,510151.9,22.7,90.36,4,1969.06
410,410,Barisal,1969,7,31.9,25.5,487.0,91.0,1.5,6.9,4.0,41950,536809.8,510151.9,22.7,90.36,4,1969.07
475,475,Barisal,1969,8,33.2,25.4,546.0,91.0,1.2,7.0,2.8,41950,536809.8,510151.9,22.7,90.36,4,1969.08
540,540,Barisal,1969,9,34.3,26.0,366.0,87.0,1.3,5.6,5.9,41950,536809.8,510151.9,22.7,90.36,4,1969.09
605,605,Barisal,1969,10,33.8,23.7,45.0,84.0,0.4,3.7,8.7,41950,536809.8,510151.9,22.7,90.36,4,1969.1
670,670,Barisal,1969,11,32.8,18.2,22.0,80.0,0.3,1.9,9.0,41950,536809.8,510151.9,22.7,90.36,4,1969.11
735,735,Barisal,1969,12,28.1,12.9,0.0,78.0,0.5,1.6,9.2,41950,536809.8,510151.9,22.7,90.36,4,1969.12
21,21,Barisal,1970,1,26.7,11.6,0.0,78.0,0.5,2.1,8.7,41950,536809.8,510151.9,22.7,90.36,4,1970.01
86,86,Barisal,1970,2,31.6,15.3,24.0,74.0,0.6,2.1,8.9,41950,536809.8,510151.9,22.7,90.36,4,1970.02
151,151,Barisal,1970,3,35.4,21.1,5.0,74.0,1.7,3.1,8.4,41950,536809.8,510151.9,22.7,90.36,4,1970.03
216,216,Barisal,1970,4,35.0,24.3,91.0,80.0,2.0,3.6,8.6,41950,536809.8,510151.9,22.7,90.36,4,1970.04
281,281,Barisal,1970,5,35.6,26.2,124.0,80.0,2.3,5.2,8.0,41950,536809.8,510151.9,22.7,90.36,4,1970.05
346,346,Barisal,1970,6,33.7,25.6,408.0,89.0,2.3,6.7,3.9,41950,536809.8,510151.9,22.7,90.36,4,1970.06
411,411,Barisal,1970,7,34.4,25.7,530.0,90.0,1.8,6.7,3.4,41950,536809.8,510151.9,22.7,90.36,4,1970.07
476,476,Barisal,1970,8,33.3,25.9,317.0,88.0,1.3,6.3,5.2,41950,536809.8,510151.9,22.7,90.36,4,1970.08
541,541,Barisal,1970,9,32.8,25.7,571.0,89.0,1.2,5.7,5.1,41950,536809.8,510151.9,22.7,90.36,4,1970.09
606,606,Barisal,1970,10,33.1,24.0,253.0,87.0,1.5,4.2,7.4,41950,536809.8,510151.9,22.7,90.36,4,1970.1
671,671,Barisal,1970,11,31.2,18.5,90.0,80.0,0.8,2.6,8.5,41950,536809.8,510151.9,22.7,90.36,4,1970.11
736,736,Barisal,1970,12,27.2,12.2,0.0,76.0,0.5,0.2,9.8,41950,536809.8,510151.9,22.7,90.36,4,1970.12
22,22,Barisal,1971,1,27.9,13.2,7.0,77.0,0.4,1.9,8.6,41950,536809.8,510151.9,22.7,90.36,4,1971.01
87,87,Barisal,1971,2,31.4,14.7,1.0,75.0,0.6,1.7,8.4,41950,536809.8,510151.9,22.7,90.36,4,1971.02
152,152,Barisal,1971,3,34.7,18.7,6.0,73.0,0.9,1.2,8.8,41950,536809.8,510151.9,22.7,90.36,4,1971.03
217,217,Barisal,1971,4,34.1,23.6,138.0,78.0,1.4,4.6,8.3,41950,536809.8,510151.9,22.7,90.36,4,1971.04
282,282,Barisal,1971,5,35.2,24.0,286.0,81.0,1.5,5.0,7.1,41950,536809.8,510151.9,22.7,90.36,4,1971.05
347,347,Barisal,1971,6,32.8,25.4,503.0,87.0,3.1,6.9,4.1,41950,536809.8,510151.9,22.7,90.36,4,1971.06
412,412,Barisal,1971,7,32.8,25.7,250.0,88.0,3.1,7.1,3.7,41950,536809.8,510151.9,22.7,90.36,4,1971.07
477,477,Barisal,1971,8,31.4,25.2,351.0,88.0,1.7,6.8,4.3,41950,536809.8,510151.9,22.7,90.36,4,1971.08
542,542,Barisal,1971,9,33.9,25.5,394.0,87.0,1.8,5.7,4.9,41950,536809.8,510151.9,22.7,90.36,4,1971.09
607,607,Barisal,1971,10,33.4,24.5,152.0,85.0,1.3,5.3,7.2,41950,536809.8,510151.9,22.7,90.36,4,1971.1
672,672,Barisal,1971,11,30.1,17.7,114.0,80.0,1.0,2.3,9.3,41950,536809.8,510151.9,22.7,90.36,4,1971.11
737,737,Barisal,1971,12,28.6,13.4,0.0,63.0,0.9,1.7,9.2,41950,536809.8,510151.9,22.7,90.36,4,1971.12
23,23,Barisal,1972,1,28.3,12.1,0.0,77.0,0.5,0.7,10.1,41950,536809.8,510151.9,22.7,90.36,4,1972.01
88,88,Barisal,1972,2,31.4,13.3,58.0,74.0,1.1,1.8,9.6,41950,536809.8,510151.9,22.7,90.36,4,1972.02
153,153,Barisal,1972,3,35.0,20.4,0.0,72.0,1.3,2.2,10.2,41950,536809.8,510151.9,22.7,90.36,4,1972.03
218,218,Barisal,1972,4,37.2,23.7,121.0,77.0,2.0,4.1,10.5,41950,536809.8,510151.9,22.7,90.36,4,1972.04
283,283,Barisal,1972,5,36.1,26.1,130.0,81.0,2.8,4.3,8.9,41950,536809.8,510151.9,22.7,90.36,4,1972.05
348,348,Barisal,1972,6,36.4,26.1,262.0,85.0,1.8,5.9,6.3,41950,536809.8,510151.9,22.7,90.36,4,1972.06
413,413,Barisal,1972,7,35.1,26.2,248.0,88.0,1.7,6.4,4.8,41950,536809.8,510151.9,22.7,90.36,4,1972.07
478,478,Barisal,1972,8,33.4,25.1,458.0,90.0,1.6,6.7,4.4,41950,536809.8,510151.9,22.7,90.36,4,1972.08
543,543,Barisal,1972,9,34.7,26.0,90.0,84.0,0.6,5.2,8.1,41950,536809.8,510151.9,22.7,90.36,4,1972.09
608,608,Barisal,1972,10,33.9,23.3,29.0,84.0,0.3,3.0,8.8,41950,536809.8,510151.9,22.7,90.36,4,1972.1
673,673,Barisal,1972,11,32.6,18.4,0.0,78.0,0.3,2.3,9.6,41950,536809.8,510151.9,22.7,90.36,4,1972.11
738,738,Barisal,1972,12,30.9,13.6,0.0,77.0,0.5,0.8,10.2,41950,536809.8,510151.9,22.7,90.36,4,1972.12
24,24,Barisal,1973,1,31.7,12.6,0.0,73.0,0.5,0.4,9.9,41950,536809.8,510151.9,22.7,90.36,4,1973.01
89,89,Barisal,1973,2,33.5,16.3,12.0,72.0,1.1,1.9,9.7,41950,536809.8,510151.9,22.7,90.36,4,1973.02
154,154,Barisal,1973,3,36.4,19.1,81.0,74.0,0.7,1.7,9.4,41950,536809.8,510151.9,22.7,90.36,4,1973.03
219,219,Barisal,1973,4,36.0,25.2,42.0,79.0,2.6,3.7,9.6,41950,536809.8,510151.9,22.7,90.36,4,1973.04
284,284,Barisal,1973,5,34.4,24.4,508.0,86.0,1.7,5.3,6.7,41950,536809.8,510151.9,22.7,90.36,4,1973.05
349,349,Barisal,1973,6,33.9,25.7,502.0,88.0,1.3,6.3,4.5,41950,536809.8,510151.9,22.7,90.36,4,1973.06
414,414,Barisal,1973,7,32.8,25.7,392.0,90.0,2.4,6.4,5.6,41950,536809.8,510151.9,22.7,90.36,4,1973.07
479,479,Barisal,1973,8,32.5,25.7,266.0,91.0,1.7,6.8,5.3,41950,536809.8,510151.9,22.7,90.36,4,1973.08
544,544,Barisal,1973,9,35.6,25.4,398.0,91.0,0.9,6.3,3.9,41950,536809.8,510151.9,22.7,90.36,4,1973.09
609,609,Barisal,1973,10,33.3,24.4,308.0,86.0,0.7,4.1,6.8,41950,536809.8,510151.9,22.7,90.36,4,1973.1
674,674,Barisal,1973,11,30.6,19.2,171.0,87.0,0.9,3.2,7.4,41950,536809.8,510151.9,22.7,90.36,4,1973.11
739,739,Barisal,1973,12,26.7,14.0,197.0,82.0,0.7,1.5,9.7,41950,536809.8,510151.9,22.7,90.36,4,1973.12
25,25,Barisal,1974,1,27.2,11.7,2.0,77.0,0.3,0.3,10.3,41950,536809.8,510151.9,22.7,90.36,4,1974.01
90,90,Barisal,1974,2,34.2,14.1,0.0,70.0,0.7,0.4,10.8,41950,536809.8,510151.9,22.7,90.36,4,1974.02
155,155,Barisal,1974,3,35.6,21.0,149.0,77.0,1.5,2.8,8.7,41950,536809.8,510151.9,22.7,90.36,4,1974.03
220,220,Barisal,1974,4,35.0,23.4,187.0,82.0,2.2,4.0,10.3,41950,536809.8,510151.9,22.7,90.36,4,1974.04
285,285,Barisal,1974,5,35.6,24.3,265.0,82.0,2.3,4.6,7.6,41950,536809.8,510151.9,22.7,90.36,4,1974.05
350,350,Barisal,1974,6,34.4,25.3,289.0,88.0,1.7,6.6,5.0,41950,536809.8,510151.9,22.7,90.36,4,1974.06
415,415,Barisal,1974,7,32.8,24.9,684.0,93.0,1.5,7.3,2.5,41950,536809.8,510151.9,22.7,90.36,4,1974.07
480,480,Barisal,1974,8,32.8,25.9,238.0,93.0,1.9,6.4,4.4,41950,536809.8,510151.9,22.7,90.36,4,1974.08
545,545,Barisal,1974,9,33.3,24.4,361.0,89.0,1.0,5.4,4.6,41950,536809.8,510151.9,22.7,90.36,4,1974.09
610,610,Barisal,1974,10,35.0,25.0,153.0,87.0,0.4,4.0,7.7,41950,536809.8,510151.9,22.7,90.36,4,1974.1
675,675,Barisal,1974,11,32.1,20.6,18.0,83.0,0.6,2.9,7.8,41950,536809.8,510151.9,22.7,90.36,4,1974.11
740,740,Barisal,1974,12,27.2,12.4,0.0,78.0,0.4,0.1,10.4,41950,536809.8,510151.9,22.7,90.36,4,1974.12
26,26,Barisal,1975,1,27.5,11.2,1.0,77.0,0.6,0.7,10.2,41950,536809.8,510151.9,22.7,90.36,4,1975.01
91,91,Barisal,1975,2,32.2,14.6,1.0,75.0,0.6,1.0,10.1,41950,536809.8,510151.9,22.7,90.36,4,1975.02
156,156,Barisal,1975,3,33.3,20.2,33.0,73.0,1.0,2.4,10.5,41950,536809.8,510151.9,22.7,90.36,4,1975.03
221,221,Barisal,1975,4,34.0,23.9,85.0,78.0,1.6,3.7,9.9,41950,536809.8,510151.9,22.7,90.36,4,1975.04
286,286,Barisal,1975,5,35.0,24.4,230.0,81.0,1.8,4.1,8.2,41950,536809.8,510151.9,22.7,90.36,4,1975.05
351,351,Barisal,1975,6,33.9,25.5,353.0,87.0,1.2,5.2,5.8,41950,536809.8,510151.9,22.7,90.36,4,1975.06
416,416,Barisal,1975,7,32.2,24.6,321.0,88.0,1.6,6.4,3.7,41950,536809.8,510151.9,22.7,90.36,4,1975.07
481,481,Barisal,1975,8,35.0,25.5,351.0,88.0,1.5,6.6,6.0,41950,536809.8,510151.9,22.7,90.36,4,1975.08
546,546,Barisal,1975,9,32.5,25.5,275.0,87.0,0.8,5.6,5.1,41950,536809.8,510151.9,22.7,90.36,4,1975.09
611,611,Barisal,1975,10,33.9,22.0,154.0,85.0,0.1,4.4,6.0,41950,536809.8,510151.9,22.7,90.36,4,1975.1
676,676,Barisal,1975,11,30.6,17.3,44.0,80.0,0.4,2.7,7.7,41950,536809.8,510151.9,22.7,90.36,4,1975.11
741,741,Barisal,1975,12,27.2,11.0,0.0,63.0,0.2,0.2,8.1,41950,536809.8,510151.9,22.7,90.36,4,1975.12
27,27,Barisal,1976,1,31.1,11.7,0.0,77.0,0.2,0.3,8.1,41950,536809.8,510151.9,22.7,90.36,4,1976.01
92,92,Barisal,1976,2,32.5,14.8,20.0,79.0,0.5,1.4,8.4,41950,536809.8,510151.9,22.7,90.36,4,1976.02
157,157,Barisal,1976,3,35.6,21.5,2.0,78.0,1.3,1.6,8.2,41950,536809.8,510151.9,22.7,90.36,4,1976.03
222,222,Barisal,1976,4,37.2,23.9,100.0,77.0,1.8,3.1,8.3,41950,536809.8,510151.9,22.7,90.36,4,1976.04
287,287,Barisal,1976,5,37.2,24.1,164.0,83.0,1.2,4.8,8.7,41950,536809.8,510151.9,22.7,90.36,4,1976.05
352,352,Barisal,1976,6,34.2,24.7,330.0,87.0,1.2,6.6,4.3,41950,536809.8,510151.9,22.7,90.36,4,1976.06
417,417,Barisal,1976,7,33.2,24.6,350.0,89.0,1.6,6.8,4.6,41950,536809.8,510151.9,22.7,90.36,4,1976.07
482,482,Barisal,1976,8,34.7,23.8,379.0,90.0,1.1,6.7,4.0,41950,536809.8,510151.9,22.7,90.36,4,1976.08
547,547,Barisal,1976,9,32.8,25.1,305.0,87.0,1.2,5.2,4.9,41950,536809.8,510151.9,22.7,90.36,4,1976.09
612,612,Barisal,1976,10,33.9,23.1,147.0,84.0,0.5,2.6,7.2,41950,536809.8,510151.9,22.7,90.36,4,1976.1
677,677,Barisal,1976,11,32.8,20.3,23.0,83.0,0.3,2.2,7.9,41950,536809.8,510151.9,22.7,90.36,4,1976.11
742,742,Barisal,1976,12,29.6,12.3,25.0,76.0,0.3,0.6,8.1,41950,536809.8,510151.9,22.7,90.36,4,1976.12
28,28,Barisal,1977,1,28.3,11.1,9.0,75.0,0.4,0.6,9.3,41950,536809.8,510151.9,22.7,90.36,4,1977.01
93,93,Barisal,1977,2,31.4,13.5,36.0,74.0,0.7,1.4,9.3,41950,536809.8,510151.9,22.7,90.36,4,1977.02
158,158,Barisal,1977,3,34.9,21.3,0.0,75.0,1.3,1.9,8.3,41950,536809.8,510151.9,22.7,90.36,4,1977.03
223,223,Barisal,1977,4,34.7,23.7,307.0,83.0,2.3,5.0,6.9,41950,536809.8,510151.9,22.7,90.36,4,1977.04
288,288,Barisal,1977,5,33.7,24.4,157.0,84.0,1.7,5.1,4.3,41950,536809.8,510151.9,22.7,90.36,4,1977.05
353,353,Barisal,1977,6,34.4,25.6,557.0,89.0,1.7,6.2,3.4,41950,536809.8,510151.9,22.7,90.36,4,1977.06
418,418,Barisal,1977,7,33.2,26.0,299.0,90.0,1.4,6.3,3.6,41950,536809.8,510151.9,22.7,90.36,4,1977.07
483,483,Barisal,1977,8,33.4,26.1,138.0,88.0,1.3,6.2,5.2,41950,536809.8,510151.9,22.7,90.36,4,1977.08
548,548,Barisal,1977,9,34.7,25.9,237.0,87.0,0.8,4.9,4.7,41950,536809.8,510151.9,22.7,90.36,4,1977.09
613,613,Barisal,1977,10,33.3,23.0,69.0,84.0,0.3,3.1,8.3,41950,536809.8,510151.9,22.7,90.36,4,1977.1
678,678,Barisal,1977,11,31.7,19.9,53.0,82.0,0.2,2.8,8.2,41950,536809.8,510151.9,22.7,90.36,4,1977.11
743,743,Barisal,1977,12,29.4,13.7,0.0,77.0,0.2,1.0,8.3,41950,536809.8,510151.9,22.7,90.36,4,1977.12
29,29,Barisal,1978,1,27.8,10.7,0.0,72.0,0.3,0.4,8.1,41950,536809.8,510151.9,22.7,90.36,4,1978.01
94,94,Barisal,1978,2,31.4,14.2,0.0,68.0,0.3,1.1,8.4,41950,536809.8,510151.9,22.7,90.36,4,1978.02
159,159,Barisal,1978,3,36.9,18.5,14.0,65.0,0.5,1.7,8.2,41950,536809.8,510151.9,22.7,90.36,4,1978.03
224,224,Barisal,1978,4,35.0,22.2,242.0,78.0,1.1,3.3,8.3,41950,536809.8,510151.9,22.7,90.36,4,1978.04
289,289,Barisal,1978,5,35.6,24.1,387.0,82.0,1.6,5.0,7.1,41950,536809.8,510151.9,22.7,90.36,4,1978.05
354,354,Barisal,1978,6,33.3,25.8,631.0,87.0,1.6,5.9,4.1,41950,536809.8,510151.9,22.7,90.36,4,1978.06
419,419,Barisal,1978,7,33.9,25.6,409.0,87.0,1.3,5.8,3.7,41950,536809.8,510151.9,22.7,90.36,4,1978.07
484,484,Barisal,1978,8,34.4,25.8,403.0,87.0,1.5,6.0,4.3,41950,536809.8,510151.9,22.7,90.36,4,1978.08
549,549,Barisal,1978,9,33.3,25.1,300.0,89.0,0.8,5.3,4.9,41950,536809.8,510151.9,22.7,90.36,4,1978.09
614,614,Barisal,1978,10,35.1,24.5,127.0,83.0,0.4,3.5,7.2,41950,536809.8,510151.9,22.7,90.36,4,1978.1
679,679,Barisal,1978,11,32.9,19.4,3.0,78.0,0.4,1.3,7.9,41950,536809.8,510151.9,22.7,90.36,4,1978.11
744,744,Barisal,1978,12,30.3,12.5,0.0,76.0,0.3,0.6,8.1,41950,536809.8,510151.9,22.7,90.36,4,1978.12
30,30,Barisal,1979,1,30.6,12.0,1.0,75.0,0.3,0.6,8.8,41950,536809.8,510151.9,22.7,90.36,4,1979.01
95,95,Barisal,1979,2,32.2,13.7,14.0,70.0,0.5,1.2,9.5,41950,536809.8,510151.9,22.7,90.36,4,1979.02
160,160,Barisal,1979,3,35.6,19.2,30.0,66.0,1.2,1.9,8.8,41950,536809.8,510151.9,22.7,90.36,4,1979.03
225,225,Barisal,1979,4,37.5,24.1,38.0,75.0,1.1,2.2,9.2,41950,536809.8,510151.9,22.7,90.36,4,1979.04
290,290,Barisal,1979,5,37.2,26.1,67.0,77.0,1.6,2.9,10.0,41950,536809.8,510151.9,22.7,90.36,4,1979.05
355,355,Barisal,1979,6,37.3,26.1,453.0,87.0,1.8,5.5,5.4,41950,536809.8,510151.9,22.7,90.36,4,1979.06
420,420,Barisal,1979,7,34.4,26.0,559.0,88.0,1.6,5.6,5.1,41950,536809.8,510151.9,22.7,90.36,4,1979.07
485,485,Barisal,1979,8,34.4,25.9,642.0,90.0,1.5,6.1,5.7,41950,536809.8,510151.9,22.7,90.36,4,1979.08
550,550,Barisal,1979,9,35.6,25.8,316.0,88.0,0.7,4.9,5.7,41950,536809.8,510151.9,22.7,90.36,4,1979.09
615,615,Barisal,1979,10,33.3,23.8,127.0,83.0,0.5,2.4,8.8,41950,536809.8,510151.9,22.7,90.36,4,1979.1
680,680,Barisal,1979,11,33.3,21.2,31.0,81.0,0.3,1.9,8.1,41950,536809.8,510151.9,22.7,90.36,4,1979.11
745,745,Barisal,1979,12,28.4,14.8,47.0,80.0,0.3,0.9,9.0,41950,536809.8,510151.9,22.7,90.36,4,1979.12
31,31,Barisal,1980,1,29.5,11.8,0.0,75.0,0.4,0.5,9.0,41950,536809.8,510151.9,22.7,90.36,4,1980.01
96,96,Barisal,1980,2,32.0,14.1,55.0,75.0,0.4,1.5,9.0,41950,536809.8,510151.9,22.7,90.36,4,1980.02
161,161,Barisal,1980,3,34.5,19.4,47.0,75.0,0.9,2.6,8.8,41950,536809.8,510151.9,22.7,90.36,4,1980.03
226,226,Barisal,1980,4,37.0,25.3,13.0,75.0,2.0,3.4,9.2,41950,536809.8,510151.9,22.7,90.36,4,1980.04
291,291,Barisal,1980,5,35.8,24.1,235.0,82.0,1.8,4.5,6.9,41950,536809.8,510151.9,22.7,90.36,4,1980.05
356,356,Barisal,1980,6,34.6,25.9,272.0,88.0,1.6,5.9,4.5,41950,536809.8,510151.9,22.7,90.36,4,1980.06
421,421,Barisal,1980,7,33.4,26.2,526.0,91.0,1.5,6.1,4.0,41950,536809.8,510151.9,22.7,90.36,4,1980.07
486,486,Barisal,1980,8,34.7,26.2,297.0,89.0,1.3,5.6,4.7,41950,536809.8,510151.9,22.7,90.36,4,1980.08
551,551,Barisal,1980,9,34.1,26.2,192.0,87.0,0.8,5.3,6.1,41950,536809.8,510151.9,22.7,90.36,4,1980.09
616,616,Barisal,1980,10,33.8,23.4,282.0,88.0,0.5,2.9,6.2,41950,536809.8,510151.9,22.7,90.36,4,1980.1
681,681,Barisal,1980,11,32.2,17.5,0.0,77.0,0.3,0.8,10.0,41950,536809.8,510151.9,22.7,90.36,4,1980.11
746,746,Barisal,1980,12,28.3,13.9,0.0,76.0,0.4,1.6,7.1,41950,536809.8,510151.9,22.7,90.36,4,1980.12
32,32,Barisal,1981,1,28.0,13.1,24.0,79.0,0.6,1.6,8.4,41950,536809.8,510151.9,22.7,90.36,4,1981.01
97,97,Barisal,1981,2,33.1,15.7,43.0,76.0,0.5,1.5,7.8,41950,536809.8,510151.9,22.7,90.36,4,1981.02
162,162,Barisal,1981,3,33.5,19.5,115.0,77.0,1.0,3.6,6.6,41950,536809.8,510151.9,22.7,90.36,4,1981.03
227,227,Barisal,1981,4,34.0,22.7,412.0,84.0,1.3,4.4,7.4,41950,536809.8,510151.9,22.7,90.36,4,1981.04
292,292,Barisal,1981,5,33.9,24.1,280.0,84.0,1.1,5.2,6.6,41950,536809.8,510151.9,22.7,90.36,4,1981.05
357,357,Barisal,1981,6,35.0,25.8,433.0,85.0,1.1,5.6,4.3,41950,536809.8,510151.9,22.7,90.36,4,1981.06
422,422,Barisal,1981,7,32.1,25.3,521.0,91.0,1.0,6.3,2.5,41950,536809.8,510151.9,22.7,90.36,4,1981.07
487,487,Barisal,1981,8,33.3,25.8,217.0,88.0,1.4,5.7,4.7,41950,536809.8,510151.9,22.7,90.36,4,1981.08
552,552,Barisal,1981,9,35.0,25.4,173.0,86.0,0.7,5.0,5.3,41950,536809.8,510151.9,22.7,90.36,4,1981.09
617,617,Barisal,1981,10,33.3,23.2,71.0,81.0,0.2,2.1,8.1,41950,536809.8,510151.9,22.7,90.36,4,1981.1
682,682,Barisal,1981,11,32.8,17.6,0.0,76.0,0.3,1.2,8.9,41950,536809.8,510151.9,22.7,90.36,4,1981.11
747,747,Barisal,1981,12,28.7,13.0,33.0,76.0,0.6,2.1,7.5,41950,536809.8,510151.9,22.7,90.36,4,1981.12
33,33,Barisal,1982,1,29.8,12.4,0.0,74.0,0.2,0.4,8.1,41950,536809.8,510151.9,22.7,90.36,4,1982.01
98,98,Barisal,1982,2,30.6,16.2,57.0,76.0,0.3,2.2,8.3,41950,536809.8,510151.9,22.7,90.36,4,1982.02
163,163,Barisal,1982,3,35.2,19.3,17.0,71.0,0.6,2.4,9.6,41950,536809.8,510151.9,22.7,90.36,4,1982.03
228,228,Barisal,1982,4,34.4,22.6,178.0,79.0,1.7,4.3,9.4,41950,536809.8,510151.9,22.7,90.36,4,1982.04
293,293,Barisal,1982,5,37.0,25.9,65.0,76.0,1.0,2.7,9.2,41950,536809.8,510151.9,22.7,90.36,4,1982.05
358,358,Barisal,1982,6,37.8,25.6,465.0,87.0,1.1,5.9,3.9,41950,536809.8,510151.9,22.7,90.36,4,1982.06
423,423,Barisal,1982,7,34.0,26.2,223.0,86.0,1.3,5.5,5.3,41950,536809.8,510151.9,22.7,90.36,4,1982.07
488,488,Barisal,1982,8,32.1,25.3,593.0,89.0,1.7,6.3,4.3,41950,536809.8,510151.9,22.7,90.36,4,1982.08
553,553,Barisal,1982,9,33.9,25.3,219.0,84.0,0.9,4.7,7.0,41950,536809.8,510151.9,22.7,90.36,4,1982.09
618,618,Barisal,1982,10,34.0,23.1,6.0,80.0,0.3,1.9,8.4,41950,536809.8,510151.9,22.7,90.36,4,1982.1
683,683,Barisal,1982,11,32.7,17.1,34.0,78.0,0.3,1.5,7.8,41950,536809.8,510151.9,22.7,90.36,4,1982.11
748,748,Barisal,1982,12,28.2,12.0,11.0,76.0,0.3,0.5,8.3,41950,536809.8,510151.9,22.7,90.36,4,1982.12
34,34,Barisal,1983,1,28.2,11.9,8.0,77.0,0.3,1.2,7.7,41950,536809.8,510151.9,22.7,90.36,4,1983.01
99,99,Barisal,1983,2,31.4,14.4,39.0,73.0,0.6,2.4,7.7,41950,536809.8,510151.9,22.7,90.36,4,1983.02
164,164,Barisal,1983,3,35.3,21.2,18.0,76.0,1.4,2.6,8.4,41950,536809.8,510151.9,22.7,90.36,4,1983.03
229,229,Barisal,1983,4,36.7,23.0,92.0,76.0,2.0,3.1,9.1,41950,536809.8,510151.9,22.7,90.36,4,1983.04
294,294,Barisal,1983,5,35.9,24.2,318.0,81.0,1.5,4.3,8.4,41950,536809.8,510151.9,22.7,90.36,4,1983.05
359,359,Barisal,1983,6,34.8,25.8,292.0,86.0,1.3,5.6,5.1,41950,536809.8,510151.9,22.7,90.36,4,1983.06
424,424,Barisal,1983,7,34.2,26.0,399.0,86.0,1.3,6.1,3.7,41950,536809.8,510151.9,22.7,90.36,4,1983.07
489,489,Barisal,1983,8,33.5,25.9,575.0,89.0,1.3,6.2,3.7,41950,536809.8,510151.9,22.7,90.36,4,1983.08
554,554,Barisal,1983,9,34.3,25.6,312.0,91.0,0.9,5.9,5.5,41950,536809.8,510151.9,22.7,90.36,4,1983.09
619,619,Barisal,1983,10,34.6,23.8,192.0,92.0,0.4,3.8,6.9,41950,536809.8,510151.9,22.7,90.36,4,1983.1
684,684,Barisal,1983,11,33.8,19.0,48.0,84.0,0.3,2.3,8.1,41950,536809.8,510151.9,22.7,90.36,4,1983.11
749,749,Barisal,1983,12,28.4,12.8,19.0,83.0,0.3,1.4,8.1,41950,536809.8,510151.9,22.7,90.36,4,1983.12
35,35,Barisal,1984,1,27.6,11.7,16.0,83.0,0.3,1.4,8.2,41950,536809.8,510151.9,22.7,90.36,4,1984.01
100,100,Barisal,1984,2,32.6,13.4,0.0,77.0,0.5,1.8,8.4,41950,536809.8,510151.9,22.7,90.36,4,1984.02
165,165,Barisal,1984,3,36.6,19.7,1.0,74.0,1.1,1.6,8.2,41950,536809.8,510151.9,22.7,90.36,4,1984.03
230,230,Barisal,1984,4,36.3,23.8,102.0,82.0,1.8,4.0,7.8,41950,536809.8,510151.9,22.7,90.36,4,1984.04
295,295,Barisal,1984,5,34.8,25.2,283.0,85.0,2.0,5.9,7.0,41950,536809.8,510151.9,22.7,90.36,4,1984.05
360,360,Barisal,1984,6,35.6,25.3,1025.0,90.0,1.3,7.2,3.7,41950,536809.8,510151.9,22.7,90.36,4,1984.06
425,425,Barisal,1984,7,32.8,24.9,448.0,90.0,1.3,6.9,4.2,41950,536809.8,510151.9,22.7,90.36,4,1984.07
490,490,Barisal,1984,8,35.2,25.6,431.0,90.0,1.1,7.1,3.5,41950,536809.8,510151.9,22.7,90.36,4,1984.08
555,555,Barisal,1984,9,34.0,25.1,224.0,88.0,0.8,5.1,5.8,41950,536809.8,510151.9,22.7,90.36,4,1984.09
620,620,Barisal,1984,10,34.0,24.4,118.0,89.0,0.5,4.2,6.7,41950,536809.8,510151.9,22.7,90.36,4,1984.1
685,685,Barisal,1984,11,31.5,16.6,0.0,83.0,0.2,0.9,8.3,41950,536809.8,510151.9,22.7,90.36,4,1984.11
750,750,Barisal,1984,12,29.5,13.0,1.0,84.0,0.4,1.4,8.1,41950,536809.8,510151.9,22.7,90.36,4,1984.12
36,36,Barisal,1985,1,30.2,12.6,1.0,84.0,0.2,1.4,7.5,41950,536809.8,510151.9,22.7,90.36,4,1985.01
101,101,Barisal,1985,2,31.4,14.3,2.0,77.0,0.6,1.1,8.6,41950,536809.8,510151.9,22.7,90.36,4,1985.02
166,166,Barisal,1985,3,36.7,22.4,45.0,81.0,1.8,3.6,7.5,41950,536809.8,510151.9,22.7,90.36,4,1985.03
231,231,Barisal,1985,4,36.6,24.6,64.0,81.0,1.9,4.7,8.4,41950,536809.8,510151.9,22.7,90.36,4,1985.04
296,296,Barisal,1985,5,35.0,24.2,226.0,88.0,1.7,5.1,7.9,41950,536809.8,510151.9,22.7,90.36,4,1985.05
361,361,Barisal,1985,6,36.2,25.8,322.0,91.0,1.5,6.3,3.9,41950,536809.8,510151.9,22.7,90.36,4,1985.06
426,426,Barisal,1985,7,34.5,25.3,291.0,93.0,1.5,6.8,3.3,41950,536809.8,510151.9,22.7,90.36,4,1985.07
491,491,Barisal,1985,8,35.0,25.9,308.0,90.0,1.5,6.7,5.2,41950,536809.8,510151.9,22.7,90.36,4,1985.08
556,556,Barisal,1985,9,34.6,25.4,180.0,90.0,1.0,5.9,5.1,41950,536809.8,510151.9,22.7,90.36,4,1985.09
621,621,Barisal,1985,10,34.5,22.8,198.0,86.0,0.5,2.5,8.6,41950,536809.8,510151.9,22.7,90.36,4,1985.1
686,686,Barisal,1985,11,32.0,17.6,8.0,85.0,0.3,1.6,8.3,41950,536809.8,510151.9,22.7,90.36,4,1985.11
751,751,Barisal,1985,12,30.0,13.4,0.0,84.0,0.2,0.7,8.4,41950,536809.8,510151.9,22.7,90.36,4,1985.12
37,37,Barisal,1986,1,29.5,11.5,6.0,86.0,0.3,1.4,7.1,41950,536809.8,510151.9,22.7,90.36,4,1986.01
102,102,Barisal,1986,2,32.0,14.7,0.0,81.0,0.3,1.5,8.6,41950,536809.8,510151.9,22.7,90.36,4,1986.02
167,167,Barisal,1986,3,38.4,20.4,7.0,75.0,0.8,1.2,8.4,41950,536809.8,510151.9,22.7,90.36,4,1986.03
232,232,Barisal,1986,4,35.4,23.2,102.0,80.0,1.7,4.5,8.0,41950,536809.8,510151.9,22.7,90.36,4,1986.04
297,297,Barisal,1986,5,36.8,23.7,181.0,83.0,0.7,3.7,8.3,41950,536809.8,510151.9,22.7,90.36,4,1986.05
362,362,Barisal,1986,6,36.0,25.9,254.0,87.0,1.3,5.7,4.9,41950,536809.8,510151.9,22.7,90.36,4,1986.06
427,427,Barisal,1986,7,35.5,25.2,381.0,91.0,0.8,6.4,3.9,41950,536809.8,510151.9,22.7,90.36,4,1986.07
492,492,Barisal,1986,8,35.2,26.0,252.0,87.0,0.8,5.9,5.0,41950,536809.8,510151.9,22.7,90.36,4,1986.08
557,557,Barisal,1986,9,35.0,24.8,526.0,92.0,0.6,6.1,3.4,41950,536809.8,510151.9,22.7,90.36,4,1986.09
622,622,Barisal,1986,10,33.0,22.7,135.0,88.0,0.2,3.3,7.6,41950,536809.8,510151.9,22.7,90.36,4,1986.1
687,687,Barisal,1986,11,33.5,19.3,274.0,88.0,0.2,2.7,7.3,41950,536809.8,510151.9,22.7,90.36,4,1986.11
752,752,Barisal,1986,12,29.5,14.3,1.0,88.0,0.1,1.4,8.1,41950,536809.8,510151.9,22.7,90.36,4,1986.12
38,38,Barisal,1987,1,29.2,12.0,4.0,84.0,0.3,0.6,8.6,41950,536809.8,510151.9,22.7,90.36,4,1987.01
103,103,Barisal,1987,2,33.3,14.8,3.0,80.0,0.2,1.4,8.1,41950,536809.8,510151.9,22.7,90.36,4,1987.02
168,168,Barisal,1987,3,37.2,19.9,8.0,77.0,0.9,2.9,8.0,41950,536809.8,510151.9,22.7,90.36,4,1987.03
233,233,Barisal,1987,4,37.5,23.7,150.0,82.0,1.5,4.2,7.7,41950,536809.8,510151.9,22.7,90.36,4,1987.04
298,298,Barisal,1987,5,36.6,24.6,96.0,82.0,0.9,3.7,8.4,41950,536809.8,510151.9,22.7,90.36,4,1987.05
363,363,Barisal,1987,6,39.6,26.6,275.0,85.0,1.5,5.7,5.1,41950,536809.8,510151.9,22.7,90.36,4,1987.06
428,428,Barisal,1987,7,33.8,25.4,568.0,94.0,0.9,7.0,1.8,41950,536809.8,510151.9,22.7,90.36,4,1987.07
493,493,Barisal,1987,8,34.0,25.4,683.0,90.0,0.9,6.4,3.6,41950,536809.8,510151.9,22.7,90.36,4,1987.08
558,558,Barisal,1987,9,34.0,26.0,302.0,89.0,0.6,6.0,4.0,41950,536809.8,510151.9,22.7,90.36,4,1987.09
623,623,Barisal,1987,10,34.2,23.7,93.0,86.0,0.1,2.1,8.5,41950,536809.8,510151.9,22.7,90.36,4,1987.1
688,688,Barisal,1987,11,32.5,19.6,37.0,84.0,0.2,2.7,7.1,41950,536809.8,510151.9,22.7,90.36,4,1987.11
753,753,Barisal,1987,12,29.0,14.1,0.0,83.0,0.1,1.3,8.3,41950,536809.8,510151.9,22.7,90.36,4,1987.12
39,39,Barisal,1988,1,28.0,12.1,0.0,81.0,0.2,0.5,8.3,41950,536809.8,510151.9,22.7,90.36,4,1988.01
104,104,Barisal,1988,2,31.0,15.6,22.0,79.0,0.3,1.6,7.9,41950,536809.8,510151.9,22.7,90.36,4,1988.02
169,169,Barisal,1988,3,35.2,21.1,65.0,77.0,0.7,3.0,8.2,41950,536809.8,510151.9,22.7,90.36,4,1988.03
234,234,Barisal,1988,4,37.0,24.3,96.0,79.0,1.1,4.0,8.0,41950,536809.8,510151.9,22.7,90.36,4,1988.04
299,299,Barisal,1988,5,34.5,25.5,393.0,84.0,1.4,5.6,6.2,41950,536809.8,510151.9,22.7,90.36,4,1988.05
364,364,Barisal,1988,6,34.6,25.4,565.0,88.0,1.2,6.0,3.8,41950,536809.8,510151.9,22.7,90.36,4,1988.06
429,429,Barisal,1988,7,33.5,25.9,422.0,90.0,1.3,6.5,4.0,41950,536809.8,510151.9,22.7,90.36,4,1988.07
494,494,Barisal,1988,8,32.4,26.2,459.0,91.0,1.3,7.1,2.8,41950,536809.8,510151.9,22.7,90.36,4,1988.08
559,559,Barisal,1988,9,35.0,25.9,228.0,88.0,0.5,5.7,6.1,41950,536809.8,510151.9,22.7,90.36,4,1988.09
624,624,Barisal,1988,10,33.5,23.5,101.0,87.0,0.3,3.2,7.4,41950,536809.8,510151.9,22.7,90.36,4,1988.1
689,689,Barisal,1988,11,31.5,18.9,113.0,86.0,0.6,2.5,7.6,41950,536809.8,510151.9,22.7,90.36,4,1988.11
754,754,Barisal,1988,12,29.4,15.5,0.0,84.0,0.2,0.7,8.1,41950,536809.8,510151.9,22.7,90.36,4,1988.12
40,40,Barisal,1989,1,27.1,10.2,0.0,79.0,0.3,0.3,8.3,41950,536809.8,510151.9,22.7,90.36,4,1989.01
105,105,Barisal,1989,2,31.6,15.7,14.0,75.0,0.6,0.9,8.8,41950,536809.8,510151.9,22.7,90.36,4,1989.02
170,170,Barisal,1989,3,36.2,19.9,1.0,70.0,0.7,2.0,8.8,41950,536809.8,510151.9,22.7,90.36,4,1989.03
235,235,Barisal,1989,4,35.5,24.7,89.0,80.0,2.2,3.7,9.0,41950,536809.8,510151.9,22.7,90.36,4,1989.04
300,300,Barisal,1989,5,35.5,26.0,164.0,84.0,1.7,4.6,7.8,41950,536809.8,510151.9,22.7,90.36,4,1989.05
365,365,Barisal,1989,6,34.5,25.7,206.0,87.0,1.3,6.0,5.5,41950,536809.8,510151.9,22.7,90.36,4,1989.06
430,430,Barisal,1989,7,33.6,25.4,453.0,89.0,1.3,6.3,4.9,41950,536809.8,510151.9,22.7,90.36,4,1989.07
495,495,Barisal,1989,8,32.7,25.4,203.0,88.0,1.0,5.7,4.3,41950,536809.8,510151.9,22.7,90.36,4,1989.08
560,560,Barisal,1989,9,33.0,25.1,413.0,90.0,0.6,5.7,4.9,41950,536809.8,510151.9,22.7,90.36,4,1989.09
625,625,Barisal,1989,10,34.2,24.1,451.0,90.0,0.3,4.4,4.8,41950,536809.8,510151.9,22.7,90.36,4,1989.1
690,690,Barisal,1989,11,32.0,17.8,0.0,84.0,0.1,1.1,8.5,41950,536809.8,510151.9,22.7,90.36,4,1989.11
755,755,Barisal,1989,12,28.5,12.3,0.0,81.0,0.3,0.6,8.3,41950,536809.8,510151.9,22.7,90.36,4,1989.12
41,41,Barisal,1990,1,29.9,12.5,0.0,83.0,0.3,0.5,7.1,41950,536809.8,510151.9,22.7,90.36,4,1990.01
106,106,Barisal,1990,2,31.7,17.4,79.0,81.0,0.4,3.2,7.2,41950,536809.8,510151.9,22.7,90.36,4,1990.02
171,171,Barisal,1990,3,33.6,19.0,182.0,82.0,0.7,4.0,8.1,41950,536809.8,510151.9,22.7,90.36,4,1990.03
236,236,Barisal,1990,4,34.6,22.9,139.0,82.0,1.9,4.8,8.4,41950,536809.8,510151.9,22.7,90.36,4,1990.04
301,301,Barisal,1990,5,35.0,24.3,352.0,85.0,0.7,5.3,6.6,41950,536809.8,510151.9,22.7,90.36,4,1990.05
366,366,Barisal,1990,6,39.4,25.4,386.0,89.0,1.4,6.4,3.4,41950,536809.8,510151.9,22.7,90.36,4,1990.06
431,431,Barisal,1990,7,32.5,25.4,457.0,92.0,1.0,6.9,2.9,41950,536809.8,510151.9,22.7,90.36,4,1990.07
496,496,Barisal,1990,8,34.0,25.6,299.0,87.0,1.0,5.6,6.0,41950,536809.8,510151.9,22.7,90.36,4,1990.08
561,561,Barisal,1990,9,34.0,25.2,190.0,89.0,0.8,5.7,5.4,41950,536809.8,510151.9,22.7,90.36,4,1990.09
626,626,Barisal,1990,10,33.6,22.6,194.0,86.0,0.5,4.0,6.2,41950,536809.8,510151.9,22.7,90.36,4,1990.1
691,691,Barisal,1990,11,33.0,20.1,70.0,85.0,0.2,2.9,6.7,41950,536809.8,510151.9,22.7,90.36,4,1990.11
756,756,Barisal,1990,12,29.2,13.9,30.0,82.0,0.2,1.5,7.2,41950,536809.8,510151.9,22.7,90.36,4,1990.12
42,42,Barisal,1991,1,28.6,12.1,10.0,82.0,0.2,1.6,6.8,41950,536809.8,510151.9,22.7,90.36,4,1991.01
107,107,Barisal,1991,2,33.2,16.5,14.0,80.0,0.5,1.0,8.1,41950,536809.8,510151.9,22.7,90.36,4,1991.02
172,172,Barisal,1991,3,36.2,21.8,38.0,78.0,0.6,1.9,8.9,41950,536809.8,510151.9,22.7,90.36,4,1991.03
237,237,Barisal,1991,4,36.0,24.3,53.0,79.0,1.5,4.2,7.9,41950,536809.8,510151.9,22.7,90.36,4,1991.04
302,302,Barisal,1991,5,33.5,24.5,191.0,86.0,2.5,6.1,5.8,41950,536809.8,510151.9,22.7,90.36,4,1991.05
367,367,Barisal,1991,6,34.4,25.1,562.0,90.0,1.3,6.6,3.0,41950,536809.8,510151.9,22.7,90.36,4,1991.06
432,432,Barisal,1991,7,33.3,25.7,356.0,88.0,1.5,6.5,3.9,41950,536809.8,510151.9,22.7,90.36,4,1991.07
497,497,Barisal,1991,8,35.5,25.3,369.0,89.0,1.2,6.7,4.2,41950,536809.8,510151.9,22.7,90.36,4,1991.08
562,562,Barisal,1991,9,33.5,25.0,232.0,90.0,0.6,6.4,3.4,41950,536809.8,510151.9,22.7,90.36,4,1991.09
627,627,Barisal,1991,10,33.5,23.7,497.0,89.0,0.5,4.5,5.5,41950,536809.8,510151.9,22.7,90.36,4,1991.1
692,692,Barisal,1991,11,30.5,17.9,54.0,82.0,0.2,2.2,6.8,41950,536809.8,510151.9,22.7,90.36,4,1991.11
757,757,Barisal,1991,12,29.4,13.4,16.0,82.0,0.2,1.8,6.8,41950,536809.8,510151.9,22.7,90.36,4,1991.12
43,43,Barisal,1992,1,28.0,11.6,4.0,81.0,0.2,0.6,7.0,41950,536809.8,510151.9,22.7,90.36,4,1992.01
108,108,Barisal,1992,2,29.5,15.3,98.0,82.0,0.6,2.0,7.3,41950,536809.8,510151.9,22.7,90.36,4,1992.02
173,173,Barisal,1992,3,36.0,22.2,0.0,77.0,1.3,2.2,7.9,41950,536809.8,510151.9,22.7,90.36,4,1992.03
238,238,Barisal,1992,4,37.8,25.3,1.0,79.0,1.9,2.9,8.4,41950,536809.8,510151.9,22.7,90.36,4,1992.04
303,303,Barisal,1992,5,35.5,23.9,205.0,83.0,1.3,4.1,7.2,41950,536809.8,510151.9,22.7,90.36,4,1992.05
368,368,Barisal,1992,6,35.0,25.9,190.0,88.0,1.2,5.5,5.0,41950,536809.8,510151.9,22.7,90.36,4,1992.06
433,433,Barisal,1992,7,35.5,25.5,299.0,90.0,1.3,6.9,2.6,41950,536809.8,510151.9,22.7,90.36,4,1992.07
498,498,Barisal,1992,8,34.3,25.3,326.0,91.0,1.2,6.1,4.6,41950,536809.8,510151.9,22.7,90.36,4,1992.08
563,563,Barisal,1992,9,34.8,25.4,210.0,88.0,0.8,4.7,5.5,41950,536809.8,510151.9,22.7,90.36,4,1992.09
628,628,Barisal,1992,10,34.0,23.6,98.0,88.0,0.4,3.2,7.3,41950,536809.8,510151.9,22.7,90.36,4,1992.1
693,693,Barisal,1992,11,32.5,18.8,8.0,83.0,0.1,3.2,6.4,41950,536809.8,510151.9,22.7,90.36,4,1992.11
758,758,Barisal,1992,12,28.0,12.2,0.0,82.0,0.3,0.5,7.5,41950,536809.8,510151.9,22.7,90.36,4,1992.12
44,44,Barisal,1993,1,28.5,11.6,1.0,83.0,0.2,0.8,6.8,41950,536809.8,510151.9,22.7,90.36,4,1993.01
109,109,Barisal,1993,2,31.6,16.3,35.0,83.0,0.7,1.2,8.1,41950,536809.8,510151.9,22.7,90.36,4,1993.02
174,174,Barisal,1993,3,35.5,18.4,173.0,77.0,0.8,2.0,7.9,41950,536809.8,510151.9,22.7,90.36,4,1993.03
239,239,Barisal,1993,4,36.0,22.6,216.0,83.0,1.2,3.9,8.8,41950,536809.8,510151.9,22.7,90.36,4,1993.04
304,304,Barisal,1993,5,34.5,23.8,352.0,87.0,1.6,5.2,6.9,41950,536809.8,510151.9,22.7,90.36,4,1993.05
369,369,Barisal,1993,6,34.4,25.5,384.0,89.0,2.1,6.1,4.9,41950,536809.8,510151.9,22.7,90.36,4,1993.06
434,434,Barisal,1993,7,33.2,25.5,408.0,90.0,2.1,6.4,3.9,41950,536809.8,510151.9,22.7,90.36,4,1993.07
499,499,Barisal,1993,8,33.8,25.7,556.0,91.0,1.5,6.6,3.5,41950,536809.8,510151.9,22.7,90.36,4,1993.08
564,564,Barisal,1993,9,34.6,25.0,245.0,89.0,0.9,5.9,4.1,41950,536809.8,510151.9,22.7,90.36,4,1993.09
629,629,Barisal,1993,10,33.5,23.9,134.0,87.0,0.3,3.5,6.6,41950,536809.8,510151.9,22.7,90.36,4,1993.1
694,694,Barisal,1993,11,31.2,18.9,12.0,86.0,0.1,1.3,7.9,41950,536809.8,510151.9,22.7,90.36,4,1993.11
759,759,Barisal,1993,12,29.5,13.8,0.0,81.0,0.2,1.3,7.6,41950,536809.8,510151.9,22.7,90.36,4,1993.12
45,45,Barisal,1994,1,29.6,12.2,4.0,71.0,0.4,0.4,7.7,41950,536809.8,510151.9,22.7,90.36,4,1994.01
110,110,Barisal,1994,2,31.0,14.6,13.0,72.0,0.4,1.4,7.8,41950,536809.8,510151.9,22.7,90.36,4,1994.02
175,175,Barisal,1994,3,34.8,21.3,92.0,73.0,1.3,2.5,8.1,41950,536809.8,510151.9,22.7,90.36,4,1994.03
240,240,Barisal,1994,4,36.5,23.1,101.0,77.0,0.8,3.5,8.0,41950,536809.8,510151.9,22.7,90.36,4,1994.04
305,305,Barisal,1994,5,36.2,25.1,178.0,83.0,1.0,4.2,7.5,41950,536809.8,510151.9,22.7,90.36,4,1994.05
370,370,Barisal,1994,6,35.5,25.5,571.0,89.0,1.2,6.4,3.3,41950,536809.8,510151.9,22.7,90.36,4,1994.06
435,435,Barisal,1994,7,33.2,25.7,202.0,88.0,1.3,6.4,4.2,41950,536809.8,510151.9,22.7,90.36,4,1994.07
500,500,Barisal,1994,8,33.0,25.4,378.0,88.0,1.1,6.4,4.2,41950,536809.8,510151.9,22.7,90.36,4,1994.08
565,565,Barisal,1994,9,34.4,24.7,144.0,83.0,0.8,4.5,6.4,41950,536809.8,510151.9,22.7,90.36,4,1994.09
630,630,Barisal,1994,10,34.0,23.3,87.0,80.0,0.1,2.9,7.0,41950,536809.8,510151.9,22.7,90.36,4,1994.1
695,695,Barisal,1994,11,32.4,18.6,7.0,78.0,0.2,2.8,6.6,41950,536809.8,510151.9,22.7,90.36,4,1994.11
760,760,Barisal,1994,12,30.1,12.0,0.0,76.0,0.2,0.5,7.8,41950,536809.8,510151.9,22.7,90.36,4,1994.12
46,46,Barisal,1995,1,29.0,10.7,1.0,73.0,0.4,1.7,6.8,41950,536809.8,510151.9,22.7,90.36,4,1995.01
111,111,Barisal,1995,2,31.0,15.0,62.0,73.0,0.3,2.1,7.0,41950,536809.8,510151.9,22.7,90.36,4,1995.02
176,176,Barisal,1995,3,36.7,19.2,6.0,68.0,0.5,1.3,8.7,41950,536809.8,510151.9,22.7,90.36,4,1995.03
241,241,Barisal,1995,4,38.2,24.6,12.0,75.0,1.2,2.7,9.1,41950,536809.8,510151.9,22.7,90.36,4,1995.04
306,306,Barisal,1995,5,36.7,26.5,144.0,84.0,1.6,5.2,6.0,41950,536809.8,510151.9,22.7,90.36,4,1995.05
371,371,Barisal,1995,6,34.6,25.6,657.0,88.0,1.1,6.0,3.2,41950,536809.8,510151.9,22.7,90.36,4,1995.06
436,436,Barisal,1995,7,34.0,25.1,517.0,88.0,1.4,6.7,3.4,41950,536809.8,510151.9,22.7,90.36,4,1995.07
501,501,Barisal,1995,8,34.7,25.5,342.0,87.0,1.2,6.0,5.3,41950,536809.8,510151.9,22.7,90.36,4,1995.08
566,566,Barisal,1995,9,34.7,25.1,208.0,87.0,0.8,6.1,3.5,41950,536809.8,510151.9,22.7,90.36,4,1995.09
631,631,Barisal,1995,10,34.0,23.9,156.0,84.0,0.1,3.5,6.6,41950,536809.8,510151.9,22.7,90.36,4,1995.1
696,696,Barisal,1995,11,33.2,19.5,153.0,81.0,0.4,3.1,6.4,41950,536809.8,510151.9,22.7,90.36,4,1995.11
761,761,Barisal,1995,12,29.5,13.2,0.0,71.0,0.1,0.2,7.3,41950,536809.8,510151.9,22.7,90.36,4,1995.12
47,47,Barisal,1996,1,29.4,12.4,0.0,80.0,0.2,0.5,8.2,41950,536809.8,510151.9,22.7,90.36,4,1996.01
112,112,Barisal,1996,2,31.5,15.0,20.0,76.0,0.4,1.6,8.7,41950,536809.8,510151.9,22.7,90.36,4,1996.02
177,177,Barisal,1996,3,35.2,22.3,12.0,77.0,1.2,2.7,8.0,41950,536809.8,510151.9,22.7,90.36,4,1996.03
242,242,Barisal,1996,4,36.6,23.5,131.0,82.0,1.2,3.5,7.5,41950,536809.8,510151.9,22.7,90.36,4,1996.04
307,307,Barisal,1996,5,36.6,25.3,94.0,84.0,2.3,4.7,7.5,41950,536809.8,510151.9,22.7,90.36,4,1996.05
372,372,Barisal,1996,6,35.5,25.2,449.0,87.0,1.8,5.4,4.8,41950,536809.8,510151.9,22.7,90.36,4,1996.06
437,437,Barisal,1996,7,35.0,25.7,307.0,88.0,1.6,5.9,3.3,41950,536809.8,510151.9,22.7,90.36,4,1996.07
502,502,Barisal,1996,8,34.4,25.3,322.0,91.0,1.0,6.0,2.6,41950,536809.8,510151.9,22.7,90.36,4,1996.08
567,567,Barisal,1996,9,37.8,25.3,202.0,88.0,0.3,5.3,4.4,41950,536809.8,510151.9,22.7,90.36,4,1996.09
632,632,Barisal,1996,10,35.4,23.0,270.0,86.0,0.5,3.1,7.6,41950,536809.8,510151.9,22.7,90.36,4,1996.1
697,697,Barisal,1996,11,33.6,18.3,4.0,84.0,0.1,1.4,8.3,41950,536809.8,510151.9,22.7,90.36,4,1996.11
762,762,Barisal,1996,12,30.2,13.4,1.0,81.0,0.1,1.6,6.2,41950,536809.8,510151.9,22.7,90.36,4,1996.12
48,48,Barisal,1997,1,28.2,10.7,1.0,79.0,0.3,1.1,7.5,41950,536809.8,510151.9,22.7,90.36,4,1997.01
113,113,Barisal,1997,2,31.4,14.6,30.0,79.0,0.5,1.5,8.1,41950,536809.8,510151.9,22.7,90.36,4,1997.02
178,178,Barisal,1997,3,35.0,21.1,79.0,81.0,0.9,3.1,7.6,41950,536809.8,510151.9,22.7,90.36,4,1997.03
243,243,Barisal,1997,4,35.2,20.7,203.0,84.0,1.1,4.6,7.4,41950,536809.8,510151.9,22.7,90.36,4,1997.04
308,308,Barisal,1997,5,35.6,24.2,235.0,84.0,1.6,5.3,7.1,41950,536809.8,510151.9,22.7,90.36,4,1997.05
373,373,Barisal,1997,6,35.4,25.3,205.0,86.0,2.1,6.4,4.6,41950,536809.8,510151.9,22.7,90.36,4,1997.06
438,438,Barisal,1997,7,33.7,25.4,406.0,91.0,1.6,6.9,3.1,41950,536809.8,510151.9,22.7,90.36,4,1997.07
503,503,Barisal,1997,8,35.6,25.8,191.0,89.0,1.4,6.4,4.4,41950,536809.8,510151.9,22.7,90.36,4,1997.08
568,568,Barisal,1997,9,34.0,24.6,378.0,91.0,0.7,6.1,4.1,41950,536809.8,510151.9,22.7,90.36,4,1997.09
633,633,Barisal,1997,10,34.6,22.0,7.0,84.0,0.1,2.1,8.5,41950,536809.8,510151.9,22.7,90.36,4,1997.1
698,698,Barisal,1997,11,33.6,18.9,11.0,85.0,0.2,2.0,7.3,41950,536809.8,510151.9,22.7,90.36,4,1997.11
763,763,Barisal,1997,12,29.6,13.4,12.0,89.0,0.4,2.1,4.2,41950,536809.8,510151.9,22.7,90.36,4,1997.12
49,49,Barisal,1998,1,29.0,11.8,148.0,88.0,0.7,2.4,5.5,41950,536809.8,510151.9,22.7,90.36,4,1998.01
114,114,Barisal,1998,2,31.5,15.4,54.0,79.0,0.5,2.0,7.2,41950,536809.8,510151.9,22.7,90.36,4,1998.02
179,179,Barisal,1998,3,34.5,17.9,273.0,75.0,0.9,2.6,8.1,41950,536809.8,510151.9,22.7,90.36,4,1998.03
244,244,Barisal,1998,4,35.6,22.5,251.0,81.0,1.4,3.8,8.1,41950,536809.8,510151.9,22.7,90.36,4,1998.04
309,309,Barisal,1998,5,36.5,24.5,179.0,84.0,1.4,5.2,4.7,41950,536809.8,510151.9,22.7,90.36,4,1998.05
374,374,Barisal,1998,6,35.5,25.8,208.0,86.0,2.3,5.7,3.1,41950,536809.8,510151.9,22.7,90.36,4,1998.06
439,439,Barisal,1998,7,34.5,25.1,616.0,92.0,1.7,6.8,1.9,41950,536809.8,510151.9,22.7,90.36,4,1998.07
504,504,Barisal,1998,8,34.5,25.2,516.0,91.0,1.1,6.3,2.8,41950,536809.8,510151.9,22.7,90.36,4,1998.08
569,569,Barisal,1998,9,35.6,25.2,254.0,89.0,0.6,5.5,4.1,41950,536809.8,510151.9,22.7,90.36,4,1998.09
634,634,Barisal,1998,10,35.6,24.8,89.0,87.0,0.4,3.7,6.1,41950,536809.8,510151.9,22.7,90.36,4,1998.1
699,699,Barisal,1998,11,33.5,20.9,270.0,85.0,0.3,2.5,7.5,41950,536809.8,510151.9,22.7,90.36,4,1998.11
764,764,Barisal,1998,12,31.5,14.5,0.0,83.0,0.2,0.3,8.7,41950,536809.8,510151.9,22.7,90.36,4,1998.12
50,50,Barisal,1999,1,30.0,12.1,0.0,82.0,0.5,0.4,8.2,41950,536809.8,510151.9,22.7,90.36,4,1999.01
115,115,Barisal,1999,2,34.8,15.1,0.0,78.0,0.7,1.1,7.8,41950,536809.8,510151.9,22.7,90.36,4,1999.02
180,180,Barisal,1999,3,38.0,20.5,0.0,74.0,1.1,1.8,5.9,41950,536809.8,510151.9,22.7,90.36,4,1999.03
245,245,Barisal,1999,4,36.6,24.9,20.0,79.0,1.9,3.4,7.6,41950,536809.8,510151.9,22.7,90.36,4,1999.04
310,310,Barisal,1999,5,35.7,25.0,212.0,86.0,2.2,5.7,3.8,41950,536809.8,510151.9,22.7,90.36,4,1999.05
375,375,Barisal,1999,6,36.7,25.4,260.0,88.0,1.9,6.6,3.1,41950,536809.8,510151.9,22.7,90.36,4,1999.06
440,440,Barisal,1999,7,34.0,25.1,527.0,91.0,1.6,7.0,2.9,41950,536809.8,510151.9,22.7,90.36,4,1999.07
505,505,Barisal,1999,8,34.0,25.4,404.0,91.0,1.4,7.1,2.6,41950,536809.8,510151.9,22.7,90.36,4,1999.08
570,570,Barisal,1999,9,35.5,25.2,301.0,89.0,1.0,6.6,3.7,41950,536809.8,510151.9,22.7,90.36,4,1999.09
635,635,Barisal,1999,10,34.0,24.1,228.0,89.0,0.6,5.3,4.9,41950,536809.8,510151.9,22.7,90.36,4,1999.1
700,700,Barisal,1999,11,33.5,18.8,1.0,82.0,0.1,1.2,8.7,41950,536809.8,510151.9,22.7,90.36,4,1999.11
765,765,Barisal,1999,12,29.8,13.9,2.0,82.0,0.1,0.8,8.1,41950,536809.8,510151.9,22.7,90.36,4,1999.12
51,51,Barisal,2000,1,30.0,12.4,0.0,81.0,0.4,0.9,7.9,41950,536809.8,510151.9,22.7,90.36,4,2000.01
116,116,Barisal,2000,2,29.2,14.3,16.0,78.0,0.4,3.8,6.6,41950,536809.8,510151.9,22.7,90.36,4,2000.02
181,181,Barisal,2000,3,34.6,19.8,50.0,77.0,1.1,3.1,6.3,41950,536809.8,510151.9,22.7,90.36,4,2000.03
246,246,Barisal,2000,4,35.3,23.2,135.0,80.0,2.4,4.3,5.5,41950,536809.8,510151.9,22.7,90.36,4,2000.04
311,311,Barisal,2000,5,36.3,24.3,246.0,83.0,1.3,6.0,4.4,41950,536809.8,510151.9,22.7,90.36,4,2000.05
376,376,Barisal,2000,6,34.8,25.0,282.0,90.0,1.6,6.7,2.7,41950,536809.8,510151.9,22.7,90.36,4,2000.06
441,441,Barisal,2000,7,35.2,25.2,389.0,88.0,1.7,6.4,3.8,41950,536809.8,510151.9,22.7,90.36,4,2000.07
506,506,Barisal,2000,8,34.5,25.7,203.0,87.0,1.5,6.6,3.6,41950,536809.8,510151.9,22.7,90.36,4,2000.08
571,571,Barisal,2000,9,34.2,24.8,245.0,89.0,0.8,5.8,4.1,41950,536809.8,510151.9,22.7,90.36,4,2000.09
636,636,Barisal,2000,10,34.8,24.1,171.0,89.0,0.4,3.9,6.4,41950,536809.8,510151.9,22.7,90.36,4,2000.1
701,701,Barisal,2000,11,33.0,19.2,10.0,87.0,0.1,1.1,8.7,41950,536809.8,510151.9,22.7,90.36,4,2000.11
766,766,Barisal,2000,12,28.8,12.9,0.0,82.0,0.1,0.2,9.4,41950,536809.8,510151.9,22.7,90.36,4,2000.12
52,52,Barisal,2001,1,29.5,10.1,0.0,81.0,0.1,0.3,8.9,41950,536809.8,510151.9,22.7,90.36,4,2001.01
117,117,Barisal,2001,2,32.1,14.9,17.0,79.0,0.6,1.4,8.6,41950,536809.8,510151.9,22.7,90.36,4,2001.02
182,182,Barisal,2001,3,35.6,19.0,4.0,75.0,0.5,2.0,8.0,41950,536809.8,510151.9,22.7,90.36,4,2001.03
247,247,Barisal,2001,4,37.6,23.6,16.0,77.0,1.5,3.8,6.8,41950,536809.8,510151.9,22.7,90.36,4,2001.04
312,312,Barisal,2001,5,35.6,23.7,282.0,87.0,1.3,5.3,5.0,41950,536809.8,510151.9,22.7,90.36,4,2001.05
377,377,Barisal,2001,6,34.5,25.0,641.0,94.0,1.6,7.3,1.9,41950,536809.8,510151.9,22.7,90.36,4,2001.06
442,442,Barisal,2001,7,33.0,25.3,556.0,91.0,2.0,7.1,3.8,41950,536809.8,510151.9,22.7,90.36,4,2001.07
507,507,Barisal,2001,8,33.7,26.0,191.0,87.0,1.3,6.1,4.8,41950,536809.8,510151.9,22.7,90.36,4,2001.08
572,572,Barisal,2001,9,34.5,25.2,151.0,89.0,0.7,5.5,4.2,41950,536809.8,510151.9,22.7,90.36,4,2001.09
637,637,Barisal,2001,10,35.0,24.0,305.0,89.0,0.3,4.6,6.5,41950,536809.8,510151.9,22.7,90.36,4,2001.1
702,702,Barisal,2001,11,32.0,20.5,67.0,89.0,0.1,3.0,6.6,41950,536809.8,510151.9,22.7,90.36,4,2001.11
767,767,Barisal,2001,12,29.8,13.3,0.0,86.0,0.1,0.8,7.6,41950,536809.8,510151.9,22.7,90.36,4,2001.12
53,53,Barisal,2002,1,29.0,13.0,19.0,85.0,0.1,1.8,6.9,41950,536809.8,510151.9,22.7,90.36,4,2002.01
118,118,Barisal,2002,2,34.0,14.2,0.0,77.0,0.3,0.7,9.4,41950,536809.8,510151.9,22.7,90.36,4,2002.02
183,183,Barisal,2002,3,36.0,19.8,36.0,72.0,0.6,2.3,8.0,41950,536809.8,510151.9,22.7,90.36,4,2002.03
248,248,Barisal,2002,4,34.4,22.8,101.0,80.0,1.8,4.8,8.6,41950,536809.8,510151.9,22.7,90.36,4,2002.04
313,313,Barisal,2002,5,35.4,24.1,324.0,83.0,1.9,5.9,7.2,41950,536809.8,510151.9,22.7,90.36,4,2002.05
378,378,Barisal,2002,6,35.4,25.6,541.0,89.0,1.3,6.7,3.5,41950,536809.8,510151.9,22.7,90.36,4,2002.06
443,443,Barisal,2002,7,34.5,25.9,716.0,90.0,1.1,7.3,2.7,41950,536809.8,510151.9,22.7,90.36,4,2002.07
508,508,Barisal,2002,8,34.0,26.0,272.0,89.0,1.0,6.4,5.0,41950,536809.8,510151.9,22.7,90.36,4,2002.08
573,573,Barisal,2002,9,35.0,25.5,315.0,92.0,0.5,5.7,4.8,41950,536809.8,510151.9,22.7,90.36,4,2002.09
638,638,Barisal,2002,10,34.2,23.6,53.0,88.0,0.1,3.4,7.6,41950,536809.8,510151.9,22.7,90.36,4,2002.1
703,703,Barisal,2002,11,33.0,19.8,92.0,85.0,0.2,3.2,7.9,41950,536809.8,510151.9,22.7,90.36,4,2002.11
768,768,Barisal,2002,12,30.0,14.7,0.0,83.0,0.1,0.3,8.2,41950,536809.8,510151.9,22.7,90.36,4,2002.12
54,54,Barisal,2003,1,28.6,11.1,0.0,81.0,0.2,1.4,7.4,41950,536809.8,510151.9,22.7,90.36,4,2003.01
119,119,Barisal,2003,2,31.5,16.1,4.0,75.0,0.3,1.4,8.2,41950,536809.8,510151.9,22.7,90.36,4,2003.02
184,184,Barisal,2003,3,34.8,19.5,117.0,77.0,0.6,2.9,7.8,41950,536809.8,510151.9,22.7,90.36,4,2003.03
249,249,Barisal,2003,4,35.6,24.8,104.0,85.0,1.9,4.4,8.1,41950,536809.8,510151.9,22.7,90.36,4,2003.04
314,314,Barisal,2003,5,35.4,26.0,85.0,86.0,1.6,5.1,7.4,41950,536809.8,510151.9,22.7,90.36,4,2003.05
379,379,Barisal,2003,6,36.5,25.7,521.0,92.0,1.9,7.0,2.7,41950,536809.8,510151.9,22.7,90.36,4,2003.06
444,444,Barisal,2003,7,34.2,26.5,243.0,92.0,1.5,6.4,4.8,41950,536809.8,510151.9,22.7,90.36,4,2003.07
509,509,Barisal,2003,8,34.2,26.7,186.0,87.0,1.2,6.2,5.8,41950,536809.8,510151.9,22.7,90.36,4,2003.08
574,574,Barisal,2003,9,34.3,26.1,206.0,88.0,0.5,5.6,4.7,41950,536809.8,510151.9,22.7,90.36,4,2003.09
639,639,Barisal,2003,10,34.2,24.8,301.0,89.0,0.2,4.6,5.8,41950,536809.8,510151.9,22.7,90.36,4,2003.1
704,704,Barisal,2003,11,32.5,18.1,0.0,83.0,0.0,0.4,8.7,41950,536809.8,510151.9,22.7,90.36,4,2003.11
769,769,Barisal,2003,12,29.5,14.7,28.0,84.0,0.0,1.7,6.2,41950,536809.8,510151.9,22.7,90.36,4,2003.12
55,55,Barisal,2004,1,29.0,13.0,0.0,82.0,0.2,2.3,6.0,41950,536809.8,510151.9,22.7,90.36,4,2004.01
120,120,Barisal,2004,2,33.1,15.2,0.0,77.0,0.4,1.2,8.1,41950,536809.8,510151.9,22.7,90.36,4,2004.02
185,185,Barisal,2004,3,36.4,21.8,11.0,76.0,1.2,3.0,7.5,41950,536809.8,510151.9,22.7,90.36,4,2004.03
250,250,Barisal,2004,4,34.4,24.3,87.0,80.0,2.5,5.1,7.0,41950,536809.8,510151.9,22.7,90.36,4,2004.04
315,315,Barisal,2004,5,36.8,25.8,126.0,78.0,1.6,4.2,7.2,41950,536809.8,510151.9,22.7,90.36,4,2004.05
380,380,Barisal,2004,6,35.8,25.6,316.0,87.0,0.8,6.0,2.5,41950,536809.8,510151.9,22.7,90.36,4,2004.06
445,445,Barisal,2004,7,33.8,25.9,241.0,87.0,1.6,6.9,3.5,41950,536809.8,510151.9,22.7,90.36,4,2004.07
510,510,Barisal,2004,8,33.4,26.1,478.0,90.0,1.4,6.7,4.0,41950,536809.8,510151.9,22.7,90.36,4,2004.08
575,575,Barisal,2004,9,34.2,25.5,1067.0,91.0,0.8,6.4,3.7,41950,536809.8,510151.9,22.7,90.36,4,2004.09
640,640,Barisal,2004,10,33.6,23.3,203.0,89.0,0.3,2.8,7.4,41950,536809.8,510151.9,22.7,90.36,4,2004.1
705,705,Barisal,2004,11,30.8,18.1,0.0,89.0,0.1,0.6,7.7,41950,536809.8,510151.9,22.7,90.36,4,2004.11
770,770,Barisal,2004,12,29.5,14.9,0.0,87.0,0.0,0.5,6.9,41950,536809.8,510151.9,22.7,90.36,4,2004.12
56,56,Barisal,2005,1,29.5,12.5,11.0,87.0,0.4,1.5,7.2,41950,536809.8,510151.9,22.7,90.36,4,2005.01
121,121,Barisal,2005,2,33.6,16.9,0.0,78.0,0.7,1.2,8.8,41950,536809.8,510151.9,22.7,90.36,4,2005.02
186,186,Barisal,2005,3,36.0,22.1,138.0,83.0,0.9,3.5,7.5,41950,536809.8,510151.9,22.7,90.36,4,2005.03
251,251,Barisal,2005,4,36.5,24.6,26.0,80.0,0.8,3.7,9.1,41950,536809.8,510151.9,22.7,90.36,4,2005.04
316,316,Barisal,2005,5,36.0,25.4,85.0,83.0,1.3,4.8,8.0,41950,536809.8,510151.9,22.7,90.36,4,2005.05
381,381,Barisal,2005,6,36.5,27.1,326.0,88.0,0.9,6.1,4.4,41950,536809.8,510151.9,22.7,90.36,4,2005.06
446,446,Barisal,2005,7,33.2,25.9,463.0,93.0,1.3,6.6,4.5,41950,536809.8,510151.9,22.7,90.36,4,2005.07
511,511,Barisal,2005,8,35.5,26.2,302.0,93.0,0.9,6.9,2.9,41950,536809.8,510151.9,22.7,90.36,4,2005.08
576,576,Barisal,2005,9,35.2,26.0,174.0,89.0,0.8,6.0,4.2,41950,536809.8,510151.9,22.7,90.36,4,2005.09
641,641,Barisal,2005,10,35.0,24.3,415.0,89.0,0.5,4.9,5.3,41950,536809.8,510151.9,22.7,90.36,4,2005.1
706,706,Barisal,2005,11,32.0,18.4,0.0,85.0,0.3,1.6,7.9,41950,536809.8,510151.9,22.7,90.36,4,2005.11
771,771,Barisal,2005,12,30.0,14.0,3.0,84.0,0.4,1.6,7.8,41950,536809.8,510151.9,22.7,90.36,4,2005.12
57,57,Barisal,2006,1,29.6,12.1,0.0,81.0,0.5,0.9,7.7,41950,536809.8,510151.9,22.7,90.36,4,2006.01
122,122,Barisal,2006,2,35.6,18.4,0.0,80.0,0.8,1.1,8.4,41950,536809.8,510151.9,22.7,90.36,4,2006.02
187,187,Barisal,2006,3,37.5,21.0,4.0,77.0,0.6,2.2,8.1,41950,536809.8,510151.9,22.7,90.36,4,2006.03
252,252,Barisal,2006,4,36.6,24.1,41.0,81.0,1.5,3.8,7.4,41950,536809.8,510151.9,22.7,90.36,4,2006.04
317,317,Barisal,2006,5,36.2,25.4,274.0,83.0,1.3,4.8,6.0,41950,536809.8,510151.9,22.7,90.36,4,2006.05
382,382,Barisal,2006,6,36.5,26.6,352.0,89.0,1.3,6.4,3.4,41950,536809.8,510151.9,22.7,90.36,4,2006.06
447,447,Barisal,2006,7,33.5,26.2,384.0,91.0,1.4,6.8,3.8,41950,536809.8,510151.9,22.7,90.36,4,2006.07
512,512,Barisal,2006,8,33.7,25.9,378.0,89.0,1.6,6.8,4.4,41950,536809.8,510151.9,22.7,90.36,4,2006.08
577,577,Barisal,2006,9,35.0,25.9,522.0,89.0,0.9,5.7,5.2,41950,536809.8,510151.9,22.7,90.36,4,2006.09
642,642,Barisal,2006,10,34.8,24.4,41.0,88.0,0.1,4.0,6.0,41950,536809.8,510151.9,22.7,90.36,4,2006.1
707,707,Barisal,2006,11,32.9,19.4,2.0,84.0,0.1,2.6,6.9,41950,536809.8,510151.9,22.7,90.36,4,2006.11
772,772,Barisal,2006,12,29.8,13.9,0.0,83.0,0.1,0.4,7.9,41950,536809.8,510151.9,22.7,90.36,4,2006.12
58,58,Barisal,2007,1,29.4,11.2,0.0,81.0,0.2,0.7,7.2,41950,536809.8,510151.9,22.7,90.36,4,2007.01
123,123,Barisal,2007,2,31.2,16.0,72.0,81.0,0.4,2.0,6.9,41950,536809.8,510151.9,22.7,90.36,4,2007.02
188,188,Barisal,2007,3,35.5,18.4,33.0,71.0,0.6,1.1,8.6,41950,536809.8,510151.9,22.7,90.36,4,2007.03
253,253,Barisal,2007,4,35.2,23.8,50.0,79.0,1.6,3.7,6.8,41950,536809.8,510151.9,22.7,90.36,4,2007.04
318,318,Barisal,2007,5,37.0,25.7,146.0,82.0,1.0,4.1,7.4,41950,536809.8,510151.9,22.7,90.36,4,2007.05
383,383,Barisal,2007,6,35.0,26.3,471.0,88.0,1.2,6.1,4.1,41950,536809.8,510151.9,22.7,90.36,4,2007.06
448,448,Barisal,2007,7,33.5,25.9,560.0,91.0,1.2,6.9,2.2,41950,536809.8,510151.9,22.7,90.36,4,2007.07
513,513,Barisal,2007,8,35.0,26.4,218.0,88.0,0.9,6.3,4.5,41950,536809.8,510151.9,22.7,90.36,4,2007.08
578,578,Barisal,2007,9,34.8,25.8,326.0,91.0,0.9,6.5,3.4,41950,536809.8,510151.9,22.7,90.36,4,2007.09
643,643,Barisal,2007,10,35.5,23.6,357.0,88.0,0.4,3.8,6.6,41950,536809.8,510151.9,22.7,90.36,4,2007.1
708,708,Barisal,2007,11,31.6,20.2,95.0,85.0,0.6,2.3,6.6,41950,536809.8,510151.9,22.7,90.36,4,2007.11
773,773,Barisal,2007,12,28.8,13.9,0.0,81.0,0.3,0.9,5.4,41950,536809.8,510151.9,22.7,90.36,4,2007.12
59,59,Barisal,2008,1,30.0,13.2,41.0,81.0,0.4,1.6,6.5,41950,536809.8,510151.9,22.7,90.36,4,2008.01
124,124,Barisal,2008,2,30.0,14.2,24.0,77.0,0.6,1.3,7.6,41950,536809.8,510151.9,22.7,90.36,4,2008.02
189,189,Barisal,2008,3,35.0,21.9,22.0,78.0,1.0,3.6,6.9,41950,536809.8,510151.9,22.7,90.36,4,2008.03
254,254,Barisal,2008,4,37.2,24.0,16.0,80.0,1.4,2.8,8.8,41950,536809.8,510151.9,22.7,90.36,4,2008.04
319,319,Barisal,2008,5,36.8,25.4,64.0,81.0,1.1,4.5,7.5,41950,536809.8,510151.9,22.7,90.36,4,2008.05
384,384,Barisal,2008,6,35.5,26.0,239.0,89.0,1.3,6.6,2.9,41950,536809.8,510151.9,22.7,90.36,4,2008.06
449,449,Barisal,2008,7,33.4,25.9,550.0,90.0,1.1,7.1,2.8,41950,536809.8,510151.9,22.7,90.36,4,2008.07
514,514,Barisal,2008,8,33.5,26.1,357.0,88.0,0.9,6.1,4.1,41950,536809.8,510151.9,22.7,90.36,4,2008.08
579,579,Barisal,2008,9,34.5,25.8,210.0,88.0,0.8,5.5,5.0,41950,536809.8,510151.9,22.7,90.36,4,2008.09
644,644,Barisal,2008,10,34.5,23.5,341.0,87.0,0.4,3.3,6.6,41950,536809.8,510151.9,22.7,90.36,4,2008.1
709,709,Barisal,2008,11,32.4,18.4,0.0,83.0,0.1,1.1,8.6,41950,536809.8,510151.9,22.7,90.36,4,2008.11
774,774,Barisal,2008,12,29.7,15.4,0.0,87.0,0.1,0.9,6.2,41950,536809.8,510151.9,22.7,90.36,4,2008.12
60,60,Barisal,2009,1,29.0,13.6,0.0,82.0,1.7,0.5,6.8,41950,536809.8,510151.9,22.7,90.36,4,2009.01
125,125,Barisal,2009,2,33.6,16.0,20.0,75.0,3.1,0.8,8.5,41950,536809.8,510151.9,22.7,90.36,4,2009.02
190,190,Barisal,2009,3,35.0,21.1,13.0,77.0,2.3,2.8,7.5,41950,536809.8,510151.9,22.7,90.36,4,2009.03
255,255,Barisal,2009,4,37.0,25.1,112.0,78.0,3.9,2.8,8.8,41950,536809.8,510151.9,22.7,90.36,4,2009.04
320,320,Barisal,2009,5,36.0,25.6,133.0,79.0,4.0,4.7,7.2,41950,536809.8,510151.9,22.7,90.36,4,2009.05
385,385,Barisal,2009,6,37.0,27.0,139.0,82.0,3.5,5.3,6.1,41950,536809.8,510151.9,22.7,90.36,4,2009.06
450,450,Barisal,2009,7,34.5,26.2,542.0,89.0,3.1,6.7,3.7,41950,536809.8,510151.9,22.7,90.36,4,2009.07
515,515,Barisal,2009,8,35.5,26.1,518.0,89.0,2.0,6.6,4.0,41950,536809.8,510151.9,22.7,90.36,4,2009.08
580,580,Barisal,2009,9,35.4,26.1,168.0,87.0,1.8,5.3,5.3,41950,536809.8,510151.9,22.7,90.36,4,2009.09
645,645,Barisal,2009,10,34.2,23.3,162.0,87.0,0.8,3.2,7.1,41950,536809.8,510151.9,22.7,90.36,4,2009.1
710,710,Barisal,2009,11,34.0,19.3,13.0,83.0,0.4,2.1,7.7,41950,536809.8,510151.9,22.7,90.36,4,2009.11
775,775,Barisal,2009,12,29.5,13.1,0.0,82.0,0.6,0.5,7.0,41950,536809.8,510151.9,22.7,90.36,4,2009.12
61,61,Barisal,2010,1,28.9,10.8,0.0,81.0,1.9,1.0,7.1,41950,536809.8,510151.9,22.7,90.36,4,2010.01
126,126,Barisal,2010,2,32.6,15.6,1.0,75.0,1.7,1.6,7.5,41950,536809.8,510151.9,22.7,90.36,4,2010.02
191,191,Barisal,2010,3,36.9,22.9,1.0,73.0,3.1,2.5,8.2,41950,536809.8,510151.9,22.7,90.36,4,2010.03
256,256,Barisal,2010,4,37.2,26.5,10.0,77.0,5.1,4.8,8.1,41950,536809.8,510151.9,22.7,90.36,4,2010.04
321,321,Barisal,2010,5,36.3,25.8,212.0,81.0,3.8,5.6,6.7,41950,536809.8,510151.9,22.7,90.36,4,2010.05
386,386,Barisal,2010,6,35.1,26.4,481.0,88.0,2.7,6.6,3.8,41950,536809.8,510151.9,22.7,90.36,4,2010.06
451,451,Barisal,2010,7,34.0,26.7,251.0,87.0,2.0,6.1,4.8,41950,536809.8,510151.9,22.7,90.36,4,2010.07
516,516,Barisal,2010,8,35.5,26.8,156.0,87.0,1.5,6.1,4.8,41950,536809.8,510151.9,22.7,90.36,4,2010.08
581,581,Barisal,2010,9,33.8,26.2,184.0,88.0,1.2,5.2,5.1,41950,536809.8,510151.9,22.7,90.36,4,2010.09
646,646,Barisal,2010,10,35.6,25.0,275.0,86.0,0.5,3.9,7.0,41950,536809.8,510151.9,22.7,90.36,4,2010.1
711,711,Barisal,2010,11,33.0,20.5,64.0,85.0,0.0,1.4,6.9,41950,536809.8,510151.9,22.7,90.36,4,2010.11
776,776,Barisal,2010,12,30.3,13.5,27.0,82.0,0.4,1.4,6.2,41950,536809.8,510151.9,22.7,90.36,4,2010.12
62,62,Barisal,2011,1,29.0,10.9,0.0,79.0,1.0,0.5,6.7,41950,536809.8,510151.9,22.7,90.36,4,2011.01
127,127,Barisal,2011,2,31.5,15.3,0.0,73.0,2.0,0.9,7.9,41950,536809.8,510151.9,22.7,90.36,4,2011.02
192,192,Barisal,2011,3,35.5,20.1,34.0,72.0,3.2,2.5,8.0,41950,536809.8,510151.9,22.7,90.36,4,2011.03
257,257,Barisal,2011,4,35.7,23.0,105.0,79.0,1.7,3.5,7.5,41950,536809.8,510151.9,22.7,90.36,4,2011.04
322,322,Barisal,2011,5,36.2,25.2,153.0,82.0,2.7,4.8,7.3,41950,536809.8,510151.9,22.7,90.36,4,2011.05
387,387,Barisal,2011,6,35.6,26.3,481.0,88.0,3.5,6.3,3.6,41950,536809.8,510151.9,22.7,90.36,4,2011.06
452,452,Barisal,2011,7,35.0,26.4,314.0,87.0,3.0,5.9,4.8,41950,536809.8,510151.9,22.7,90.36,4,2011.07
517,517,Barisal,2011,8,35.6,25.9,428.0,90.0,2.9,6.5,3.4,41950,536809.8,510151.9,22.7,90.36,4,2011.08
582,582,Barisal,2011,9,35.5,25.9,337.0,89.0,2.9,5.8,4.2,41950,536809.8,510151.9,22.7,90.36,4,2011.09
647,647,Barisal,2011,10,35.0,24.5,56.0,85.0,0.3,2.8,6.9,41950,536809.8,510151.9,22.7,90.36,4,2011.1
712,712,Barisal,2011,11,32.5,18.4,1.0,83.0,0.2,0.6,7.7,41950,536809.8,510151.9,22.7,90.36,4,2011.11
777,777,Barisal,2011,12,30.6,14.3,0.0,84.0,1.2,2.4,5.6,41950,536809.8,510151.9,22.7,90.36,4,2011.12
63,63,Barisal,2012,1,28.8,13.0,31.0,82.0,1.9,2.0,5.4,41950,536809.8,510151.9,22.7,90.36,4,2012.01
128,128,Barisal,2012,2,34.2,14.3,2.0,73.0,2.4,0.5,8.3,41950,536809.8,510151.9,22.7,90.36,4,2012.02
193,193,Barisal,2012,3,35.8,21.8,11.0,75.0,1.8,2.3,7.5,41950,536809.8,510151.9,22.7,90.36,4,2012.03
258,258,Barisal,2012,4,37.3,23.7,223.0,79.0,2.9,4.1,7.3,41950,536809.8,510151.9,22.7,90.36,4,2012.04
323,323,Barisal,2012,5,36.6,25.9,105.0,80.0,2.2,3.8,6.9,41950,536809.8,510151.9,22.7,90.36,4,2012.05
388,388,Barisal,2012,6,36.7,27.2,205.0,86.0,2.3,6.6,3.8,41950,536809.8,510151.9,22.7,90.36,4,2012.06
453,453,Barisal,2012,7,34.2,26.5,275.0,89.0,2.2,6.9,3.7,41950,536809.8,510151.9,22.7,90.36,4,2012.07
518,518,Barisal,2012,8,34.6,26.2,270.0,87.0,1.8,6.5,5.1,41950,536809.8,510151.9,22.7,90.36,4,2012.08
583,583,Barisal,2012,9,35.0,26.0,381.0,90.0,1.3,5.9,4.1,41950,536809.8,510151.9,22.7,90.36,4,2012.09
648,648,Barisal,2012,10,34.6,23.3,70.0,86.0,1.1,3.2,6.9,41950,536809.8,510151.9,22.7,90.36,4,2012.1
713,713,Barisal,2012,11,32.7,18.7,44.0,83.0,1.2,2.5,6.1,41950,536809.8,510151.9,22.7,90.36,4,2012.11
778,778,Barisal,2012,12,28.8,12.7,0.0,85.0,1.4,1.1,5.9,41950,536809.8,510151.9,22.7,90.36,4,2012.12
64,64,Barisal,2013,1,28.7,10.6,0.0,80.0,1.4,0.3,7.1,41950,536809.8,510151.9,22.7,90.36,4,2013.01
129,129,Barisal,2013,2,32.3,14.8,6.0,76.0,1.3,1.6,7.7,41950,536809.8,510151.9,22.7,90.36,4,2013.02
194,194,Barisal,2013,3,36.2,21.0,5.0,76.0,1.9,1.8,8.6,41950,536809.8,510151.9,22.7,90.36,4,2013.03
259,259,Barisal,2013,4,36.2,24.0,64.0,76.0,2.5,3.5,8.2,41950,536809.8,510151.9,22.7,90.36,4,2013.04
324,324,Barisal,2013,5,37.5,24.8,701.0,87.0,4.1,6.9,3.8,41950,536809.8,510151.9,22.7,90.36,4,2013.05
389,389,Barisal,2013,6,36.0,26.8,277.0,85.0,2.4,5.7,5.7,41950,536809.8,510151.9,22.7,90.36,4,2013.06
454,454,Barisal,2013,7,33.0,26.5,377.0,87.0,3.1,6.4,4.7,41950,536809.8,510151.9,22.7,90.36,4,2013.07
519,519,Barisal,2013,8,34.0,26.2,398.0,88.0,2.5,6.4,4.0,41950,536809.8,510151.9,22.7,90.36,4,2013.08
584,584,Barisal,2013,9,35.0,26.0,312.0,88.0,2.0,5.7,4.2,41950,536809.8,510151.9,22.7,90.36,4,2013.09
649,649,Barisal,2013,10,34.2,24.4,181.0,88.0,1.9,4.7,4.9,41950,536809.8,510151.9,22.7,90.36,4,2013.1
714,714,Barisal,2013,11,32.2,17.7,0.0,81.0,1.0,0.9,8.5,41950,536809.8,510151.9,22.7,90.36,4,2013.11
779,779,Barisal,2013,12,29.5,14.2,0.0,82.0,1.0,0.5,6.7,41950,536809.8,510151.9,22.7,90.36,4,2013.12
